-- MySQL dump 10.13  Distrib 8.0.26, for Win64 (x86_64)
--
-- Host: localhost    Database: e2etestdb
-- ------------------------------------------------------
-- Server version	8.0.26

/*!40101 SET @OLD_CHARACTER_SET_CLIENT=@@CHARACTER_SET_CLIENT */;
/*!40101 SET @OLD_CHARACTER_SET_RESULTS=@@CHARACTER_SET_RESULTS */;
/*!40101 SET @OLD_COLLATION_CONNECTION=@@COLLATION_CONNECTION */;
/*!50503 SET NAMES utf8 */;
/*!40103 SET @OLD_TIME_ZONE=@@TIME_ZONE */;
/*!40103 SET TIME_ZONE='+00:00' */;
/*!40014 SET @OLD_UNIQUE_CHECKS=@@UNIQUE_CHECKS, UNIQUE_CHECKS=0 */;
/*!40014 SET @OLD_FOREIGN_KEY_CHECKS=@@FOREIGN_KEY_CHECKS, FOREIGN_KEY_CHECKS=0 */;
/*!40101 SET @OLD_SQL_MODE=@@SQL_MODE, SQL_MODE='NO_AUTO_VALUE_ON_ZERO' */;
/*!40111 SET @OLD_SQL_NOTES=@@SQL_NOTES, SQL_NOTES=0 */;

--
-- Table structure for table `business_rule`
--

DROP TABLE IF EXISTS `business_rule`;
/*!40101 SET @saved_cs_client     = @@character_set_client */;
/*!50503 SET character_set_client = utf8mb4 */;
CREATE TABLE `business_rule` (
  `RuleID` int NOT NULL AUTO_INCREMENT,
  `SetName` varchar(100) DEFAULT NULL,
  `FieldName` varchar(100) NOT NULL,
  `RuleExpression` varchar(2000) CHARACTER SET utf8 COLLATE utf8_general_ci DEFAULT NULL,
  `DisplayRuleExpression` varchar(2000) DEFAULT NULL,
  `Message` varchar(500) DEFAULT NULL,
  `Type` varchar(20) NOT NULL DEFAULT 'ERROR',
  `ExecutionOrder` int DEFAULT '1',
  `StartDate` datetime(3) DEFAULT NULL,
  `EndDate` datetime(3) DEFAULT NULL,
  `IsActive` bit(1) DEFAULT b'1',
  PRIMARY KEY (`RuleID`)
) ENGINE=InnoDB AUTO_INCREMENT=6 DEFAULT CHARSET=utf8mb4 COLLATE=utf8mb4_0900_ai_ci;
/*!40101 SET character_set_client = @saved_cs_client */;

--
-- Dumping data for table `business_rule`
--

LOCK TABLES `business_rule` WRITE;
/*!40000 ALTER TABLE `business_rule` DISABLE KEYS */;
INSERT INTO `business_rule` VALUES (1,'','FatRatio','{    \"and\":[       {          \">=\":[             {                \"var\":\"FatRatio\"             },             0          ]       },       {          \"<=\":[             {                \"var\":\"FatRatio\"             },             100          ]       }    ] }','FatRatio >= 0 && FatRatio <= 100','FatRatio is outside the valid range 0 to 100%','ERROR',1,'2021-09-28 00:00:00.000','2022-09-28 00:00:00.000',_binary ''),(2,'','Age','{    \">\":[       {          \"var\":\"Age\"       },       0    ] }','Age > 0','Age has invalid value, must be greater than 0.','WARNING',2,'2021-09-28 00:00:00.000','2022-09-28 00:00:00.000',_binary ''),(3,'','Age','{    \">\":[       {          \"var\":\"Age\"       },       0    ] }','a + b > 10','Comment1','ERROR',3,'2021-09-29 00:00:00.000','2022-09-29 00:00:00.000',_binary '\0');
/*!40000 ALTER TABLE `business_rule` ENABLE KEYS */;
UNLOCK TABLES;

--
-- Table structure for table `business_rule_set`
--

DROP TABLE IF EXISTS `business_rule_set`;
/*!40101 SET @saved_cs_client     = @@character_set_client */;
/*!50503 SET character_set_client = utf8mb4 */;
CREATE TABLE `business_rule_set` (
  `RuleSetID` int NOT NULL AUTO_INCREMENT,
  `SetName` varchar(100) NOT NULL,
  `StartDate` datetime(3) DEFAULT NULL,
  `EndDate` datetime(3) DEFAULT NULL,
  `IsActive` bit(1) DEFAULT b'1',
  PRIMARY KEY (`RuleSetID`)
) ENGINE=InnoDB AUTO_INCREMENT=4 DEFAULT CHARSET=utf8mb4 COLLATE=utf8mb4_0900_ai_ci;
/*!40101 SET character_set_client = @saved_cs_client */;

--
-- Dumping data for table `business_rule_set`
--

LOCK TABLES `business_rule_set` WRITE;
/*!40000 ALTER TABLE `business_rule_set` DISABLE KEYS */;
INSERT INTO `business_rule_set` VALUES (1,'Default',NULL,NULL,_binary ''),(2,'RuleSet1',NULL,NULL,_binary ''),(3,'RuleSet2',NULL,NULL,_binary '');
/*!40000 ALTER TABLE `business_rule_set` ENABLE KEYS */;
UNLOCK TABLES;

--
-- Table structure for table `business_rule_set_rules_mapping`
--

DROP TABLE IF EXISTS `business_rule_set_rules_mapping`;
/*!40101 SET @saved_cs_client     = @@character_set_client */;
/*!50503 SET character_set_client = utf8mb4 */;
CREATE TABLE `business_rule_set_rules_mapping` (
  `GoldenMasterRulesMappingID` int NOT NULL AUTO_INCREMENT,
  `GoldenMasterID` int DEFAULT NULL,
  `RuleID` int DEFAULT NULL,
  `IsActive` bit(1) DEFAULT b'1',
  PRIMARY KEY (`GoldenMasterRulesMappingID`)
) ENGINE=InnoDB DEFAULT CHARSET=utf8mb4 COLLATE=utf8mb4_0900_ai_ci;
/*!40101 SET character_set_client = @saved_cs_client */;

--
-- Dumping data for table `business_rule_set_rules_mapping`
--

LOCK TABLES `business_rule_set_rules_mapping` WRITE;
/*!40000 ALTER TABLE `business_rule_set_rules_mapping` DISABLE KEYS */;
/*!40000 ALTER TABLE `business_rule_set_rules_mapping` ENABLE KEYS */;
UNLOCK TABLES;

--
-- Table structure for table `report_cat_sub_cat_mappping`
--

DROP TABLE IF EXISTS `report_cat_sub_cat_mappping`;
/*!40101 SET @saved_cs_client     = @@character_set_client */;
/*!50503 SET character_set_client = utf8mb4 */;
CREATE TABLE `report_cat_sub_cat_mappping` (
  `CatSubCatMapppingId` int NOT NULL,
  `CategoryId` int NOT NULL,
  `SubCategoryId` int NOT NULL
) ENGINE=InnoDB DEFAULT CHARSET=utf8mb4 COLLATE=utf8mb4_0900_ai_ci;
/*!40101 SET character_set_client = @saved_cs_client */;

--
-- Dumping data for table `report_cat_sub_cat_mappping`
--

LOCK TABLES `report_cat_sub_cat_mappping` WRITE;
/*!40000 ALTER TABLE `report_cat_sub_cat_mappping` DISABLE KEYS */;
INSERT INTO `report_cat_sub_cat_mappping` VALUES (1,1,1),(2,1,2),(3,1,3),(4,1,4),(5,1,5),(6,1,6),(7,1,7),(8,1,8),(9,2,9),(10,3,10),(11,4,11);
/*!40000 ALTER TABLE `report_cat_sub_cat_mappping` ENABLE KEYS */;
UNLOCK TABLES;

--
-- Table structure for table `report_category`
--

DROP TABLE IF EXISTS `report_category`;
/*!40101 SET @saved_cs_client     = @@character_set_client */;
/*!50503 SET character_set_client = utf8mb4 */;
CREATE TABLE `report_category` (
  `CategoryId` int NOT NULL,
  `CategoryName` varchar(200) NOT NULL,
  PRIMARY KEY (`CategoryId`)
) ENGINE=InnoDB DEFAULT CHARSET=utf8mb4 COLLATE=utf8mb4_0900_ai_ci;
/*!40101 SET character_set_client = @saved_cs_client */;

--
-- Dumping data for table `report_category`
--

LOCK TABLES `report_category` WRITE;
/*!40000 ALTER TABLE `report_category` DISABLE KEYS */;
INSERT INTO `report_category` VALUES (1,'Product Issue'),(2,'Product Change'),(3,'Automation Tool - Infrastructure issue'),(4,'OTHER');
/*!40000 ALTER TABLE `report_category` ENABLE KEYS */;
UNLOCK TABLES;

--
-- Table structure for table `report_category_comment`
--

DROP TABLE IF EXISTS `report_category_comment`;
/*!40101 SET @saved_cs_client     = @@character_set_client */;
/*!50503 SET character_set_client = utf8mb4 */;
CREATE TABLE `report_category_comment` (
  `ReportCommentId` int NOT NULL AUTO_INCREMENT,
  `RunId` varchar(100) NOT NULL,
  `CategoryId` int NOT NULL,
  `SubCategoryId` int NOT NULL,
  `Comment` varchar(1000) CHARACTER SET utf8 COLLATE utf8_general_ci DEFAULT NULL,
  `CreatedBy` varchar(100) CHARACTER SET utf8 COLLATE utf8_general_ci NOT NULL,
  `CreatedDateTime` datetime(3) NOT NULL,
  `IsHistory` bit(1) NOT NULL DEFAULT b'0',
  PRIMARY KEY (`ReportCommentId`)
) ENGINE=InnoDB AUTO_INCREMENT=5 DEFAULT CHARSET=utf8mb4 COLLATE=utf8mb4_0900_ai_ci;
/*!40101 SET character_set_client = @saved_cs_client */;

--
-- Dumping data for table `report_category_comment`
--

LOCK TABLES `report_category_comment` WRITE;
/*!40000 ALTER TABLE `report_category_comment` DISABLE KEYS */;
INSERT INTO `report_category_comment` VALUES (1,'TID_1619722709287',1,2,'Comment-1','Automation UI','2021-09-20 19:49:14.772',_binary '\0'),(2,'TID_1619722799453',3,10,'Comment-2','Automation UI','2021-09-20 19:49:26.372',_binary ''),(3,'TID_1619722799453',3,10,'Comment-3','Automation UI','2021-09-20 19:49:35.429',_binary '\0'),(4,'TID_1619723813945',1,3,'Comment-4','Automation UI','2021-09-20 19:50:11.840',_binary '\0');
/*!40000 ALTER TABLE `report_category_comment` ENABLE KEYS */;
UNLOCK TABLES;

--
-- Table structure for table `report_sub_category`
--

DROP TABLE IF EXISTS `report_sub_category`;
/*!40101 SET @saved_cs_client     = @@character_set_client */;
/*!50503 SET character_set_client = utf8mb4 */;
CREATE TABLE `report_sub_category` (
  `SubCategoryId` int NOT NULL,
  `SubCategoryName` varchar(200) NOT NULL,
  PRIMARY KEY (`SubCategoryId`)
) ENGINE=InnoDB DEFAULT CHARSET=utf8mb4 COLLATE=utf8mb4_0900_ai_ci;
/*!40101 SET character_set_client = @saved_cs_client */;

--
-- Dumping data for table `report_sub_category`
--

LOCK TABLES `report_sub_category` WRITE;
/*!40000 ALTER TABLE `report_sub_category` DISABLE KEYS */;
INSERT INTO `report_sub_category` VALUES (1,'Reward Tempate in Campaign Build had issues - Test code was update'),(2,'STF flag On issue in Campaign Build API'),(3,'Bank Approval - Backend API issue'),(4,'Campaign Publish failed - Due to AOS issue in UAT'),(5,'Campaign Publish did not happen - Still shows In-Process'),(6,'Campaign Publish did not happen - Missing'),(7,'Latency issue due to Activate Login Page Load or Performance Grid Page'),(8,'Campaign Publish Latency issue'),(9,'Test Code was updated according to Ad Manager Screen/Object property change'),(10,'Test Execution failure due to Tool Infrastructure reasons'),(11,'OTHER');
/*!40000 ALTER TABLE `report_sub_category` ENABLE KEYS */;
UNLOCK TABLES;

--
-- Table structure for table `speclist_master`
--

DROP TABLE IF EXISTS `speclist_master`;
/*!40101 SET @saved_cs_client     = @@character_set_client */;
/*!50503 SET character_set_client = utf8mb4 */;
CREATE TABLE `speclist_master` (
  `id` int NOT NULL AUTO_INCREMENT,
  `test_suite_id` int DEFAULT NULL,
  `spec_name` varchar(50) DEFAULT NULL,
  `tags` varchar(100) DEFAULT NULL,
  `spec_file_name` varchar(100) DEFAULT NULL,
  `description` varchar(200) DEFAULT NULL,
  PRIMARY KEY (`id`)
) ENGINE=InnoDB DEFAULT CHARSET=utf8mb4 COLLATE=utf8mb4_0900_ai_ci;
/*!40101 SET character_set_client = @saved_cs_client */;

--
-- Dumping data for table `speclist_master`
--

LOCK TABLES `speclist_master` WRITE;
/*!40000 ALTER TABLE `speclist_master` DISABLE KEYS */;
/*!40000 ALTER TABLE `speclist_master` ENABLE KEYS */;
UNLOCK TABLES;

--
-- Temporary view structure for view `summary_report`
--

DROP TABLE IF EXISTS `summary_report`;
/*!50001 DROP VIEW IF EXISTS `summary_report`*/;
SET @saved_cs_client     = @@character_set_client;
/*!50503 SET character_set_client = utf8mb4 */;
/*!50001 CREATE VIEW `summary_report` AS SELECT 
 1 AS `runid`,
 1 AS `step_id`,
 1 AS `rerun_count`,
 1 AS `startdatetime`,
 1 AS `enddatetime`,
 1 AS `spec_name`,
 1 AS `scen_order`,
 1 AS `scen_name`,
 1 AS `step_order`,
 1 AS `step_name`,
 1 AS `isfailed`,
 1 AS `error_message`,
 1 AS `stack_trace`,
 1 AS `retry_attempt`,
 1 AS `Remark`,
 1 AS `CategoryName`,
 1 AS `SubCategoryName`,
 1 AS `comment`*/;
SET character_set_client = @saved_cs_client;

--
-- Table structure for table `test_gauge_properties`
--

DROP TABLE IF EXISTS `test_gauge_properties`;
/*!40101 SET @saved_cs_client     = @@character_set_client */;
/*!50503 SET character_set_client = utf8mb4 */;
CREATE TABLE `test_gauge_properties` (
  `gauge_id` int NOT NULL AUTO_INCREMENT,
  `suite_id` int DEFAULT NULL,
  `environment` varchar(50) DEFAULT NULL,
  `propery_key_pairs` varchar(1000) DEFAULT NULL,
  PRIMARY KEY (`gauge_id`)
) ENGINE=InnoDB DEFAULT CHARSET=utf8mb4 COLLATE=utf8mb4_0900_ai_ci;
/*!40101 SET character_set_client = @saved_cs_client */;

--
-- Dumping data for table `test_gauge_properties`
--

LOCK TABLES `test_gauge_properties` WRITE;
/*!40000 ALTER TABLE `test_gauge_properties` DISABLE KEYS */;
/*!40000 ALTER TABLE `test_gauge_properties` ENABLE KEYS */;
UNLOCK TABLES;

--
-- Table structure for table `test_rerun_config`
--

DROP TABLE IF EXISTS `test_rerun_config`;
/*!40101 SET @saved_cs_client     = @@character_set_client */;
/*!50503 SET character_set_client = utf8mb4 */;
CREATE TABLE `test_rerun_config` (
  `id` int NOT NULL AUTO_INCREMENT,
  `type_of_test` varchar(100) DEFAULT NULL,
  `rerun_count` int DEFAULT NULL,
  `rerun_interval` int DEFAULT NULL,
  `api_rerun_count` int DEFAULT NULL,
  `api_rerun_interval` int DEFAULT NULL,
  `created_by` varchar(50) DEFAULT NULL,
  `modified_by` varchar(50) DEFAULT NULL,
  `created_on` datetime(3) DEFAULT NULL,
  `modified_on` datetime(3) DEFAULT NULL,
  PRIMARY KEY (`id`)
) ENGINE=InnoDB AUTO_INCREMENT=4 DEFAULT CHARSET=utf8mb4 COLLATE=utf8mb4_0900_ai_ci;
/*!40101 SET character_set_client = @saved_cs_client */;

--
-- Dumping data for table `test_rerun_config`
--

LOCK TABLES `test_rerun_config` WRITE;
/*!40000 ALTER TABLE `test_rerun_config` DISABLE KEYS */;
INSERT INTO `test_rerun_config` VALUES (1,'e2e',10,300,5,60,NULL,NULL,NULL,NULL),(2,'smoke',3,300,5,60,NULL,NULL,NULL,NULL),(3,'regression',3,300,5,60,NULL,NULL,NULL,NULL);
/*!40000 ALTER TABLE `test_rerun_config` ENABLE KEYS */;
UNLOCK TABLES;

--
-- Table structure for table `test_results`
--

DROP TABLE IF EXISTS `test_results`;
/*!40101 SET @saved_cs_client     = @@character_set_client */;
/*!50503 SET character_set_client = utf8mb4 */;
CREATE TABLE `test_results` (
  `test_id` char(36) DEFAULT NULL,
  `test_scenario` varchar(300) CHARACTER SET utf8 COLLATE utf8_general_ci DEFAULT NULL,
  `test_spec` varchar(300) CHARACTER SET utf8 COLLATE utf8_general_ci DEFAULT NULL,
  `test_res` longtext,
  `test_tim` datetime(3) DEFAULT NULL
) ENGINE=InnoDB DEFAULT CHARSET=utf8mb4 COLLATE=utf8mb4_0900_ai_ci;
/*!40101 SET character_set_client = @saved_cs_client */;

--
-- Dumping data for table `test_results`
--

LOCK TABLES `test_results` WRITE;
/*!40000 ALTER TABLE `test_results` DISABLE KEYS */;
/*!40000 ALTER TABLE `test_results` ENABLE KEYS */;
UNLOCK TABLES;

--
-- Table structure for table `test_run_spec_scenario_steps`
--

DROP TABLE IF EXISTS `test_run_spec_scenario_steps`;
/*!40101 SET @saved_cs_client     = @@character_set_client */;
/*!50503 SET character_set_client = utf8mb4 */;
CREATE TABLE `test_run_spec_scenario_steps` (
  `step_id` bigint NOT NULL AUTO_INCREMENT,
  `scen_id` varchar(100) DEFAULT NULL,
  `step_order` int DEFAULT NULL,
  `step_name` varchar(300) DEFAULT NULL,
  `startdatetime` datetime(3) DEFAULT NULL,
  `enddatetime` datetime(3) DEFAULT NULL,
  `elapsed_time` varchar(50) DEFAULT NULL,
  `fiid` varchar(12) DEFAULT NULL,
  `finame` varchar(100) DEFAULT NULL,
  `isapproved` tinyint DEFAULT NULL,
  `armdetail` varchar(2000) DEFAULT NULL,
  `err_scrname` varchar(500) DEFAULT NULL,
  `isFailed` tinyint DEFAULT NULL,
  `step_detail` varchar(2000) DEFAULT NULL,
  `payload_f1` longtext,
  `payload_f2` longtext,
  `payloadcompare_f1` longtext,
  `payloadcompare_f2` longtext,
  `armquery_f1` longtext,
  `armquery_f2` longtext,
  `armresult_f1` longtext,
  `armresult_f2` longtext,
  `armcompare_f1` longtext,
  `armcompare_f2` longtext,
  `error_message` longtext,
  `stack_trace` varchar(2000) DEFAULT NULL,
  `rerun_count` int DEFAULT NULL,
  `retry_attempt` int DEFAULT '0',
  PRIMARY KEY (`step_id`)
) ENGINE=InnoDB AUTO_INCREMENT=30229 DEFAULT CHARSET=utf8mb4 COLLATE=utf8mb4_0900_ai_ci;
/*!40101 SET character_set_client = @saved_cs_client */;

--
-- Dumping data for table `test_run_spec_scenario_steps`
--

LOCK TABLES `test_run_spec_scenario_steps` WRITE;
/*!40000 ALTER TABLE `test_run_spec_scenario_steps` DISABLE KEYS */;
INSERT INTO `test_run_spec_scenario_steps` VALUES (30207,'TID_SC_1619717427598',1,'Set Rerun settings (v3)','2021-04-29 23:00:27.000','2021-04-29 23:00:27.000','0:0:0','','',0,'','null',0,'\"{\"step\":{\"parameters\":[],\"actualStepText\":\"Set Rerun settings (v3)\",\"parsedStepText\":\"Set Rerun settings (v3)\",\"scenarioFailing\":false,\"stream\":0},\"isFailed\":false,\"stackTrace\":\"\",\"errorMessage\":\"\"}\"','','','','','','','','','','','\"\"','\"\"',12,0),(30208,'TID_SC_1619717427667',1,'Approve the campaign for selected FI - 1 (v3)','2021-04-29 23:00:27.000','2021-04-29 23:00:27.000','0:0:0','7094','Barley',1,'','',0,'\"{\"step\":{\"parameters\":[],\"actualStepText\":\"Approve the campaign for selected FI - 1 (v3)\",\"parsedStepText\":\"Approve the campaign for selected FI - 1 (v3)\",\"scenarioFailing\":false,\"stream\":0},\"isFailed\":false,\"stackTrace\":\"\",\"errorMessage\":\"\"}\"','','','','','','','','','','','\"\"','\"\"',12,0),(30209,'TID_SC_1619717427667',2,'Approve the campaign for selected FI - 2 (v3)','2021-04-29 23:00:27.000','2021-04-29 23:00:52.000','0:0:25','7096','Malt',0,'','C:GappsCardlyticstaiko_gauge_testCardlytics_e2e_ta_new.gaugescreenshotsscreenshot-346366504557400.png',1,'\"{\"step\":{\"parameters\":[],\"actualStepText\":\"Approve the campaign for selected FI - 2 (v3)\",\"parsedStepText\":\"Approve the campaign for selected FI - 2 (v3)\",\"scenarioFailing\":false,\"stream\":0},\"isFailed\":true,\"stackTrace\":\"Error: Element with text Next not found\n    at findElements (node_modules\\taiko\\lib\\elementSearch.js:260:11)\n    at async waitAndGetActionableElement (node_modules\\taiko\\lib\\actions\\pageActionChecks.js:149:43)\n    at async click (node_modules\\taiko\\lib\\actions\\click.js:57:21)\n    at async module.exports.click (node_modules\\taiko\\lib\\taiko.js:917:16)\n    at async module.exports.<computed> (node_modules\\taiko\\lib\\taiko.js:2601:14)\n    at async Object.loginBankAppUI (tests\\BankApproval.js:26:9)\n    at async doBankApproval (tests\\campaign\\e2e_sync_v3.js:260:5)\n    at async Object.<anonymous> (tests\\campaign\\e2e_sync_v3.js:207:13)\",\"errorMessage\":\"Error: Element with text Next not found\"}\"','','','','','','','','','','','\"Error: Element with text Next not found\"','\"Error: Element with text Next not foundn    at findElements (node_modules	aikolibelementSearch.js:260:11)n    at async waitAndGetActionableElement (node_modules	aikolibactionspageActionChecks.js:149:43)n    at async click (node_modules	aikolibactionsclick.js:57:21)n    at async module.exports.click (node_modules	aikolib	aiko.js:917:16)n    at async module.exports.<computed> (node_modules	aikolib	aiko.js:2601:14)n    at async Object.loginBankAppUI (testsBankApproval.js:26:9)n    at async doBankApproval (testscampaigne2e_sync_v3.js:260:5)n    at async Object.<anonymous> (testscampaigne2e_sync_v3.js:207:13)\"',12,0),(30210,'TID_SC_1619717453128',1,'Fetch All Correlation Ids from Redis using cache api (v4)','2021-04-29 23:00:53.000','2021-04-29 23:00:54.000','0:0:1','','',0,'','',0,'\"{\"step\":{\"parameters\":[],\"actualStepText\":\"Fetch All Correlation Ids from Redis using cache api (v4)\",\"parsedStepText\":\"Fetch All Correlation Ids from Redis using cache api (v4)\",\"scenarioFailing\":false,\"stream\":0},\"isFailed\":false,\"stackTrace\":\"\",\"errorMessage\":\"\"}\"','','','','','','','','','','','\"\"','\"\"',12,0),(30211,'TID_SC_1619717453128',2,'Fetch Json Payload from Redis using cache api and generate comparison report for each correlation id (v3)','2021-04-29 23:00:54.000','2021-04-29 23:00:56.000','0:0:2','','',0,'','',0,'\"{\"step\":{\"parameters\":[],\"actualStepText\":\"Fetch Json Payload from Redis using cache api and generate comparison report for each correlation id (v3)\",\"parsedStepText\":\"Fetch Json Payload from Redis using cache api and generate comparison report for each correlation id (v3)\",\"scenarioFailing\":false,\"stream\":0},\"isFailed\":false,\"stackTrace\":\"\",\"errorMessage\":\"\"}\"','\"{\"timestamp\":\"2021-04-12T22:38:19.0892979Z\",\"correlation_id\":\"e4e31c2d-6792-4797-9afa-f5f080e0b8b6\",\"segments\":[{\"segment_id\":1000003092,\"parent_id\":1000003092,\"segmentation_graph_id\":1000001523,\"name\":\"Universe-1000004110\",\"look_back_start_dt\":\"2021-04-05T00:00:00\",\"look_back_end_dt\":\"2021-04-12T00:00:00\",\"is_in\":5,\"is_find\":true,\"partial_query_criteria\":\"\"},{\"segment_id\":1000003093,\"parent_id\":1000003092,\"segmentation_graph_id\":1000001523,\"name\":\"In-1000004110\",\"look_back_start_dt\":\"2021-04-05T00:00:00\",\"look_back_end_dt\":\"2021-04-12T00:00:00\",\"is_in\":1,\"is_find\":true,\"partial_query_criteria\":\"v.[CustomerId] FROM [cardlytics].[CustomerSegmentation] v WITH(NOLOCK) WHERE v.[CustomerId] = a.[CustomerId] AND v.CustomerSegmentationID = 1000003092 GROUP BY v.[CustomerId]|[cardlytics].[v_ValidTransactions] v WITH(NOLOCK) ON v.CustomerId = aa.CustomerId WHERE DayId BETWEEN 20210405 AND 20210412\"}],\"offers\":[{\"offer_id\":1000002578,\"campaign_id\":1000004565,\"segment_id\":1000003093,\"status_id\":0,\"placement_type_id\":3,\"name\":\"TestAd_134202112535\",\"redemption_name\":\"Brooks Brothers, Inc.\",\"reward_amount\":0.0,\"reward_cap\":2.0,\"start_dt\":\"2021-04-12T00:00:00\",\"end_dt\":\"2021-04-26T23:59:59\",\"redemption_start_dt\":\"2021-04-12T00:00:00\",\"redemption_end_dt\":\"2021-04-27T23:59:59\",\"size_of_control_group\":0.05,\"reward_percent\":0.05,\"min_spend\":10.0,\"min_visit\":2,\"is_gift_card\":false,\"gift_card_amount\":0.0,\"pre_message\":\"Earn {Amount} on your {MerchantName} purchase!\",\"population_split\":100,\"killed_dt\":\"0001-01-01T00:00:00\",\"thank_you_message\":\"Thank you for your {MerchantName} purchase.\",\"short_pre_exp_message\":\"Earn {Amount}!\",\"short_post_exp_message\":\"\",\"pre_web_beacon\":\"https://images.cardlytics.com/?http://prehealthcheck.cardlytics.com%26xt={CardTag}%26ot={OT}\",\"is_cumulative\":false,\"is_multiple_reward\":false,\"is_spend_or_visit\":false,\"is_report_based\":false,\"create_dt\":\"0001-01-01T00:00:00\",\"last_date_modified\":\"2021-04-12T22:34:38.2570322\",\"offer_type_id\":1,\"click_out_message\":\"\",\"is_placement_change\":false,\"detail_list\":null,\"portfolio_list\":null,\"is_matched\":false,\"merchant_modal_html\":\"\",\"missed_redemption_pre_message\":\"Earn {Amount} on your {MerchantName} purchase!\",\"missed_redemption_post_message\":\"Earn {Amount} on your {MerchantName} purchase, with a {RewardCap} maximum.<br/><br/>Happy Shopping!<br/><br/>Offer valid one time only. Offer expires {ExpirationDate}. <b>Payment must be made directly with the merchant.</b> Offer not valid on third-party delivery services. Payment must be made on or before offer expiration date.\",\"is_missed_redemption_offer\":false,\"offer_replacement_pairs\":[],\"priority_index\":4,\"customer_engagement_modifier\":0,\"missed_redemption_short_pre_message\":\"Earn {Amount}!\",\"active_pre_message\":\"Earn {Amount} on your {MerchantName} purchase!\",\"active_short_pre_exp_message\":\"Earn {Amount}!\",\"is_high_priority\":false,\"is_gated\":false,\"bank_funded_ind\":true,\"fi_offerid\":null,\"offer_flag\":8,\"client_account_id\":0,\"store_location_mode\":2,\"store_location_ids\":[]}],\"offer_details\":[{\"offer_detail_id\":1000002578,\"pre_message\":\"Earn {Amount} on your {MerchantName} purchase!\",\"post_message\":\"Earn {Amount} on your {MerchantName} purchase, with a {RewardCap} maximum.<br/><br/>Happy Shopping!<br/><br/>Offer valid one time only. Offer expires {ExpirationDate}. <b>Payment must be made directly with the merchant.</b> Offer not valid on third-party delivery services. Payment must be made on or before offer expiration date.\",\"image_text\":\"Brooks Brothers, Inc.\",\"offer_image\":\"iVBORw0KGgoAAAANSUhEUgAAAIAAAACACAYAAADDPmHLAAAV/ElEQVR4Xu1dB1RWx9bd9N6bgAVBQEAEBBQLIChKrLF3sMTYy4/mCSY2FGNJBASMPRZMNKIJiYiKYAFEBVRAigEREFRAehGQ8q8ZlKdBhMTkvmu+mbVcWUvn3nPm7D3nnNlzvxWhpqamJrAhsBEQYgQQWOzpwhkBBBt/RgABx58RgBGANYECzQHWAwg0/KwJFHD4GQEYAZgOINgcYD2AYOPPjoECjj8jACMA0wEEmgOsBxBo+NkxUMDhZwRgBGA6gGBzgPUAgo0/OwYKOP6MAIwATAcQaA6wHkCg4WfHQAGHnxGAEYDpAILNAdYDCDb+7Bgo4PgzAjACMB1AoDnAegCBhp8dAwUcfkYARgCmAwg2B1gPINj4s2OggOPPCMAI8C/TARoaGiAkBAgLiwg6th1a/7+uB9i3/xDExMRR+aIOkyeMQScNtQ4FQlAn/esIsH6LN1IT4pCUmoXxE8Zh83o3NDTUQ1xcXFAxfu+6/zUEePGiBj6+B5BfmIfO2nowMdLDb6Hh0NLqhOSk2wjw2w0FBXmIiLDS8CYjPnoCHDx4GHoGxuhtoo9xM5di1WIXPEjPhKycHHS6aCHjYRYMDHrg9OkzcHWdBUP97lBQUICkBMsIhAgfLQGOB57Cg0d5kJUSQ8nzZzA2NkFVTQ0WfOYKv++O4FHWY/ju3IiS0jLs2LETTsOG4/DRk2hqqMXSxQvQ38aalYSPlQClpWXY6OUN91WLoaiogOLSUoiJikJNVYWCeuzEacTeuQ+/bzehsbGR/hEVFUVxSRlkZaXpXCFyVGDj480AbWFXWlYOt1WeaBAC9vh4QkZGmsH8ngh8tCXgj2sKC49Ebm4eyquqcPDAWZj00oFRTz2YGBti4riRnJGgrq6OZhthYWHObH6IoY+eAJcjruFQYDDMTXqgS2dN9DI2xJIFyyCroo3Nm9yQ9vtD1NbUoX8/Sxga6P3jp4Do6GgYGBhATe3j0B8+WgKQur55625UvSiHlaUlNDVUYWHWC2JiorAb4Iw6SONufAiKiotxIyYODx/lwLa/NSwtzT5kw7T7LBFWP6b+4qMlQHRMLC5fiURnzU5QV1eFhYUpOmtpoqKiElZ9nNEkJon7CechLiaO+oYGnPjxLIqKijFx/Ch07aLdLpCCMuGjJEBsfCJOBv2CcWOckZLyAGpqqtBQV4OamhIeZWZjxCfOGGA3Gnv8NqOXiTHFMiX1ASKuRWFAX2v06dNbUPBtd53/MwLU1zcgOuY2qivLICOvhBcvaqGoIIu6upeQlpJEYxNgbKQPGem3u/i6l/Vw/2or9HW7Iu9pPlRVVVBf/xIjhw9FTu4TPHmWj8ysXEhJiEBORo4oHdDX18XTp4WorHwBPb0uGDHcsd3AdHQCSflJSWmoqn4BEVFhSElKgJYBYSHU1dVDVUWJZhy+loW/nQDkNu7pswKQ/zY0NEJVRRHy8vJvxTPobDC+WLUKP/x4EhbmpG43q3JvHs2fFxUjJDQcc1ymtMKCyL5h4VdhbWWOktJyXL4aDWUFeWioqcDCojcUFeQpCET2LSgoRMC+o8jOzceIYYOgqKAI52EO7eJbXV2N50UlaCTvERZGl85arZ4hJJ48zQU2/QbA1WUKlBQVICraLDWT5wiZo6JvgZwMRo1watfm/2LC30KAwufFSE1Lp6DLy8tCXFwMjQ1NqG9sQFVFFc6HhkFfvzuUlVTx229n0M/GBvPnzWn3qPQsvxBXr8dg0viRrbr3qOjbKHhehE9HD6fv8diwHSpKCvh83gzIy8m9Fcvlbhugp9sZSkpKGD3CCUpKCu+MdUJSKp4/L6KNJNm59Q3NIhIhck5ODhLvJ0NBXgETx43GqbPByH6YjvmfL4CpieF7sUu6n4bnxSWwH9Sv3TVzTYIPJsD1qFtISf0dUyePpTuvraGra4IuXbRx8eKvkJSU7PA60zMyKaAaf7jWra+vp8F8fd6OuRWLX0PC4L5qKb30eXME/XwOEAJMjXvC0KBHK9svX9Zj36FA9LUyh1UfMwgLN6uEj7JyaPp+8wLJd/dBrPnCA4cP78H0GZM6vI6k5DQY9NCFBM/uIP4yAciuuBoZA1VlJZj1bm603hxx8YkQFRNBZ20tLF22BubmJjgdFILwS6epfNvRkZKWTutqd52u730kITEZCfdTMcR+ILS1NVvmNjU2wX/vISgrK2NAP0t0797trfcUPi8COVE4Odq1Ug0vX4mGg51NCwGI2LRl81aUlQth3HgnrFu7gtb2jtT3e4nJ0NfThYyMVEeXzsm8v0yAO3cTISkpDmOjnq0cJaXg4NHTmDllLKz7joDTUGt4e2+DveMknD29H2pqzZp9R0ZmZjakpKWg2Un9vdOPnjiNXbsCcOP6+dZAXg7Hxau3sXOLx1vvIH1C4A9nMGvGxNZZob4e16Nuw9G+PwW4IL8YZuaWSEiIw9EjP2HfwROIux2CSxGRGD/Gmap/bQ1i58q1GAzsb/XvyAC0ublxG46DB75zzSRw+j26Yf7nqzGwvwU8PNzwsu4lTM2HIur6z1BVVe4I9rSnOBUUjCkTx/4jCl7O4zwIiwhT/eCP43JEJPR0u9HMQ8qcvf1YREcFY0D/fvDaGoCgMyGIuh5Eu/+UtN+hqaEO/R7dW9V40sekpv0OPV0dlJUWU6IYGRl1aP1cTGo3AzQ0NgKv/t+Sr2shuXAh16zdu3VptaPup6ShuLgMO3fugZi4MH4M3AdJSQnE3LqLDevc8dtvv0JCQqLdtZG6fPxkMEZ/Mrjllu/Nh2pqapCV+wSGujoQ+ou6O2lclZQUW3029uxZAW7G3sGno51RXFwKxyEjsG9/APpZW9DOfszYqRhsOxTuaxdRl8gOj4tPwM3YuxgyeCAkJCVRXVVNhSojQ3042Penaz58+DAyMjKwdevWlufSH2ZCT0cHIq9OD+0G5m+e0CYByDGM3KmXlZWjuLQcMtKSUFFWonq6pIQE7iTcx0AbqxZ3SFNGAkDq9c9nziI7Jxs+Pj5QUVZAfn4+BtgNwR4/XwwfNuS9SyDBzMjMQtqDhzDt1RM6XTu/c/6KFe4YPfYTDHW0bzck5NiYk5uHkpIyms61NDWgrdUJ2Y9zISwkjG5v2CBH2Lg79+HsZIenT5/CafhILF2yCMuWLkJtXR02btyCx4+LEHg84J128/MLUVldTfULdTWVVhmhorISsjIy9ISxym01zCzMMW+Oa7tr+KcmtCIAAfL2nUQUFjyHsZEB9PV0WmwTQkTGxGHaxNG4FhUDSXFxetv2JL8AyckPaJr7NfgSQkKC4O/nj6zHj2Gor4dd3+7CkiWLYfPqIwyyi8IirqOPea+W2ikqIorEpFRUVlXSHTTUYdA710zO3tt3eONJXiH8A7aT5r7NUVFZhaSkFKpL9OzZA/UvG2jKJ0QoL6+Ava0Nzl+IQG9TI0qKhMQUlJaXw9nJAXUvX8LFdR6UFLtioL0VKivKcTfuDhWpfHy3028K/ux4+qwQ127GY8rY4TgeeBJHj51CeNgvf/Y1f+v8VgSIiomFspIijHvqv9NQdk4uYuMT6BUrKQNEX5eWlqZp+seffoHf7u8QePwAyK6LT0hGZkY61FVVsGL5Avq+mto6KvgQEpSXlaOwqBhoAuTkZGg6lpOVgZiYWJuLDAm9jDNBp7EnwPet42RtbR2ePnsGnW7Np4X7qRm0Njva2UBVpXXPQY546RmP4DB4IAryC1FTW0vnycvLoaqqGhMmzYaisiq2e3mgqKQE4WFXkJz6EEe/92vxraSkHEpKbR9931zE7bgExN9NwjzXKcjMeYotm9bj8KEDVDNpa1RWVtPy+Vpcej0vOTkFBgb6741TR1nyFgHKKyrpzpwwdkSbzxcUFiHkQjjmzJrcMoek7YTERAwd4ozQ8+dg2NMADzOzUP2iBl211eHusRHHjh2kjdy69Z5wcHSA7UCblgWQrENKDiktr4+IZKcXF5dATFyM6gskdefk5GHK1Bn44cRR+qympkZLc3j252CUlVdijusMSq4zwRcxbdKo98bh0LGTcJ0+8a0Ongg/O3b44cQPJ3A57BzEJSQoIWTlpGFnOxYJ965QX8ia16z5Cl9+5Q4pKUmIvyItWQvJLsQ/oiAeORGEh+mpuHAxDosXz8TYMcNgbz8UgYFHYaCvR8vBa22AZJ2SklIoKijQv5s4eS68vNZBr3vXFhI8ys6F1+ZN2Lt3bytidBT0N+e9RYCzwaHoZ2UBbe1Obb6LdMeWfXpT2fP1IFr4iFGT8P2hAIhKiENaSgK6Ot1ot+/tE0C18gP7fVBZVYXgc2FAYyPu3kuE9zebaSDXrd8Mra46UFFRwZTxI1FeXoZlbl+iv01fWFv1oRIv2QXTp8/HoiXzYTeoH1auXAtfn61QV1dDRlYuQkNCsWjBHApm+JVIGtx3ybevfSZkj7gajTGjhkH4DQ16/cZvEHbxHA4f3o9Hj/PQWUsDYqJi0NPTgbGpHdJTomnTSTLcjZu30NgAFBXlY+qUyXheUg6vLV4YPXokpKRk0cvYAHcTkjBl8lzExUZQfcJl9lKMHj0MEtIysDA1wqmfgrDabTlSUtOwd//30OveA3p63ei1dWR0LHKy0qGgqIz581xRXf0Cqz08sXrlQui+0jOafwgj9JcVxrcI8Mu5S+jbxwxaWhoUGLILKdvRRFlNvrYl3aylea8W8BMTkzHUaRp2fbsO2l20YNbbhJYQMkiQ+vQZgv+sWYlZM8eByLd9LEyxbMVqzJvtAgMjQzgMHoO1a5dBS1sbYRHX8NnsWZg9+zPMmecCSwsLfL1tB7Z97YU17hvQtVtnuM6ajvz8J7h6LQabNniAyNBhV6MRe+Mavv7aizZfEVej0Nfagu6udw2S7kMuRMB+ECkPSnQKCeSRI4Hw9vbG2vUboSAnCwf7AbS8kREdHYfP5v8fUlMiUVVdjdCLV2Bo2AOLFy3Hxg1fQrd7V3y+cDnc3d1QVlqO5PvJGD9hAj4ZMQMnAnejX19LrN+wFdk5BZgxcwLMTI0xb+5cLFq8lJJrzZebsN1rI8IiojHXZTLi7yWhp74Ops/4DAEB3rS/unMvEZHXr8DJaTisLC0oISKuRdN+6c+oq21mAKKK3UtMgZOjLSorq6i0qqykgCfPCmBhZoKunbWgrKzUonzdiLmJFSvdsX2bJ2pq62E7sC/k5GRb3n/qZDA8t2zGlSsXqG7Qx9wUq1evgbFJLwqeveOn8NywGnZ2g9C95yB4bXaD5/qtWL5iCZYungs//wDIK2sgLSUdRErdG7Ad3j578OnYT+h5vKS4BLfvJGDoYFvMnbcQ+/f7Q1pKCjdvxVOxiQSNAEv6A3I7RwidlpZObwwH2FhD7ZUeUVNTi/+4r0dc3F0cO7IP2bl5cLAb0LKriOrZr/9IDB82EJ6b1iLkwmVYW5phwaJlqCwrgt9uX7jMJun6a1hZWWD2nEVYtnwxVrm5Y+H86Vi0eAl+PPULvtt/ELu9d6CbTmd84jwV8+ZNgqmJGSZMHItNm7dBSUEJtrZ9ERp2FcOH2GPypAn46quNsLXtjxu34mBp3hvLV7ph6ZKFsLayQvTNWJgYGbaQ+INLAHkBSYs99HTe+9EE6QO+++4A4mJvYZePN03Rj3Of0BPBfxuVVEybNhcBe7xRXlmNflbmCDx+EneSUhDgux0TZyxCTz1N+Hpvx92EZJBr3ps3biPkXCguXDiNrOxckHpKQF65ciWCzgShoqIKc+bMx6/BP8Hbxx8Xw27gRuQ5xCek4gu3NTh16nt0fiUDk1JjN6gvPSXcir1L07aoiAi0tTRa7gNIvU9KToWvzx5ISctg00YPZD7Kot8WvHk09PPfi4AAfxwPPIH0h1lwsOsP712+UFJWhLPzMMyZuxwjRg6Hl6cH3aUqysq4eOEyIqNu4vixvbiXlIZRI6bgxA/7YGZqBLvBo+DqOhOTJ43B5KmucJk5EzNnjqc90MXL12HdxwzLV3wBS2sbSEqI4dixUzh6xJ/kKUyZMpVqKZmPsmFiYgTND/zpW6tTQG1tLZUtSXdKgkA+oyZpsLS0nJaByBu3EB8fj1kzpmKAjRWtuSQVRUbfwlBHW9qAnQ0OwZ6Afdi5Ywtt1Ehtl5CQxKTJM7DZy5MeyxbOXYx9B/dATl4aUhIS9Cg2y3UpvL09kZHxCLLSMhAWacLMGS7Yf2AfTHuZwNl5JFb9xwPSkhI4duwHrF61DJfDr8Bz8zf4Ztc2uEwf3yIykSMgSdM63bQpoKQfIeWBlLaiohKkpWXiXOh5VFVUYsniudDX16cNZdqDdJDu28rSDGVlZfhynReKigvh8+1OIvnQJpW0DOoanXA6KJhmp6vXr+Hoke/o1S/5OoloJTY2AxB05gzNOEuWLMG2r7dj+rTxCLt0Cdt3+sPPfxdIH+LnuxvHjh4CufRKTE7FyOFDaKzdVq+Dh8cqHDp0HHNcJ1Ddxd8vAPM+XwhzU2NYW5rT5vNDR5tCUEHBc+TmPaXpvrGxAU0Qwsv6eqirKtPU+seRlf2Yii0V5RW09jsNcYCCwn/LAZkfHn4VL+qbYD+wHx4+zKDf6RsbGaKTRrPOH3snCQ31L2n2Iefye/fu0W/6HB2a7++joqLR0CRC/52odY/z8lBTXQEry74wMTFo5RMBm5CNrIX8PvBFTS0Fkfx93uN8dNJQhP1gu1aXOYlJKUjPyEJ9fS2kJWXh5GTbqsYeC/wRWlpd4Gg/AJE3Yuklj7amBiU8GSdOBkFHRwcaqsqIjYvFtKnN3zUUFRXhfOglWFlZwainPqKiYyAiKgoVZRUY6OvSOWQTnb8QBmVldWhqqtCvnXNzHkHfsBfMTHtCSurvu1BqVwr+Mwx7/UvzjtyOtfVeojq/7zcbb/77n/oAs4m0ss2D+BcUFIQjR47g3Llz73SlsZF83Nk8tyPjT/nyhxd+yLMd8e19c/5WAnyoM+x57iPACMB9zHllkRGAV3Bw7wwjAPcx55VFRgBewcG9M4wA3MecVxYZAXgFB/fOMAJwH3NeWWQE4BUc3DvDCMB9zHllkRGAV3Bw7wwjAPcx55VFRgBewcG9M4wA3MecVxYZAXgFB/fOMAJwH3NeWWQE4BUc3DvDCMB9zHllkRGAV3Bw7wwjAPcx55VFRgBewcG9M4wA3MecVxYZAXgFB/fOMAJwH3NeWWQE4BUc3DvDCMB9zHllkRGAV3Bw7wwjAPcx55VFRgBewcG9M4wA3MecVxYZAXgFB/fOMAJwH3NeWWQE4BUc3DvDCMB9zHllkRGAV3Bw7wwjAPcx55VFRgBewcG9M4wA3MecVxYZAXgFB/fOMAJwH3NeWWQE4BUc3DvDCMB9zHllkRGAV3Bw7wwjAPcx55VFRgBewcG9M4wA3MecVxYZAXgFB/fOMAJwH3NeWWQE4BUc3DvDCMB9zHllkRGAV3Bw7wwjAPcx55VFRgBewcG9M4wA3MecVxYZAXgFB/fOMAJwH3NeWWQE4BUc3DvDCMB9zHllkRGAV3Bw78z/A46j5ggkz9roAAAAAElFTkSuQmCC\",\"offer_id\":1000002578,\"link_url1\":\"https://l-uat.cardlytics.com?r=Zow1Z&xt={CardTag}\",\"link_text1\":\"Shop Now\",\"link_url2\":null,\"link_text2\":null,\"link_url3\":null,\"link_text3\":null,\"link_url4\":null,\"link_text4\":null,\"link_url5\":null,\"link_text5\":null,\"post_web_beacon\":\"https://images.cardlytics.com/?http://posthealthcheck.cardlytics.com%26xt={CardTag}%26ot={OT}\"}],\"seg_graph_merchants\":[{\"seg_graph_id\":1000001523,\"merchant_id\":77706,\"redeem_id\":1,\"invoice_id\":1,\"report_id\":1,\"analysis_id\":1},{\"seg_graph_id\":1000001523,\"merchant_id\":77710,\"redeem_id\":1,\"invoice_id\":1,\"report_id\":1,\"analysis_id\":1}],\"offer_merchants\":[{\"offer_id\":1000002578,\"merchant_id\":77706},{\"offer_id\":1000002578,\"merchant_id\":77710}],\"offer_merchant_categories\":[],\"offer_merchant_families\":[],\"offer_merchant_groups\":[],\"campaign_portfolios\":[{\"portfolio_id\":10659,\"campaign_id\":1000004565},{\"portfolio_id\":10669,\"campaign_id\":1000004565},{\"portfolio_id\":10675,\"campaign_id\":1000004565},{\"portfolio_id\":10660,\"campaign_id\":1000004565},{\"portfolio_id\":10668,\"campaign_id\":1000004565}],\"live_segmentations_count\":0,\"verification_counts\":[]}\"','','\"{\"reportTitle\":\"36570-to-1000004565\",\"leftName\":\"36570\",\"rightName\":\"1000004565\",\"sets\":[{\"set\":\"\",\"records\":[{\"record\":\"\",\"fields\":[{\"field\":\"timestamp\",\"difference\":\"Different\",\"left\":\"2020-11-12T14:35:17.875939Z\",\"right\":\"2021-04-12T22:38:19.0892979Z\",\"status\":\"ExpectedDifference\",\"discussion\":\"Not a Real Field, Used Only In Logging. Expected For Different Campaigns\"},{\"field\":\"correlation_id\",\"difference\":\"Different\",\"left\":\"3c400c31-fc16-4ee0-b278-2e406a6fcdf6\",\"right\":\"e4e31c2d-6792-4797-9afa-f5f080e0b8b6\",\"status\":\"ExpectedDifference\",\"discussion\":\"Not a Real Field, Used Only In Logging. Expected For Different Campaigns\"},{\"field\":\"live_segmentations_count\",\"difference\":\"Identical\",\"left\":\"0\",\"right\":\"0\",\"status\":\"None\",\"discussion\":null}]}]},{\"set\":\"segments\",\"records\":[{\"record\":\"0\",\"fields\":[{\"field\":\"segment_id\",\"difference\":\"Different\",\"left\":\"512269\",\"right\":\"1000003092\",\"status\":\"ExpectedDifference\",\"discussion\":\"Ids Vary Between Campaigns\"},{\"field\":\"parent_id\",\"difference\":\"Different\",\"left\":\"512269\",\"right\":\"1000003092\",\"status\":\"ExpectedDifference\",\"discussion\":\"Ids Vary Between Campaigns\"},{\"field\":\"segmentation_graph_id\",\"difference\":\"Different\",\"left\":\"39162\",\"right\":\"1000001523\",\"status\":\"ExpectedDifference\",\"discussion\":\"Ids Vary Between Campaigns\"},{\"field\":\"name\",\"difference\":\"Different\",\"left\":\"Universe\",\"right\":\"Universe-1000004110\",\"status\":\"ExpectedDifference\",\"discussion\":\"Expected For Different Campaigns\"},{\"field\":\"look_back_start_dt\",\"difference\":\"Different\",\"left\":\"2019-11-12T00:00:00\",\"right\":\"2021-04-05T00:00:00\",\"status\":\"ExpectedDifference\",\"discussion\":\"Expected For Different Campaigns\"},{\"field\":\"look_back_end_dt\",\"difference\":\"Different\",\"left\":\"2020-11-11T23:59:59\",\"right\":\"2021-04-12T00:00:00\",\"status\":\"ExpectedDifference\",\"discussion\":\"Expected For Different Campaigns\"},{\"field\":\"is_in\",\"difference\":\"Identical\",\"left\":\"5\",\"right\":\"5\",\"status\":\"None\",\"discussion\":null},{\"field\":\"is_find\",\"difference\":\"Identical\",\"left\":\"True\",\"right\":\"True\",\"status\":\"None\",\"discussion\":null},{\"field\":\"partial_query_criteria\",\"difference\":\"Identical\",\"left\":\"\",\"right\":\"\",\"status\":\"None\",\"discussion\":null}]},{\"record\":\"1\",\"fields\":[{\"field\":\"segment_id\",\"difference\":\"Different\",\"left\":\"512270\",\"right\":\"1000003093\",\"status\":\"ExpectedDifference\",\"discussion\":\"Ids Vary Between Campaigns\"},{\"field\":\"parent_id\",\"difference\":\"Different\",\"left\":\"512269\",\"right\":\"1000003092\",\"status\":\"ExpectedDifference\",\"discussion\":\"Ids Vary Between Campaigns\"},{\"field\":\"segmentation_graph_id\",\"difference\":\"Different\",\"left\":\"39162\",\"right\":\"1000001523\",\"status\":\"ExpectedDifference\",\"discussion\":\"Ids Vary Between Campaigns\"},{\"field\":\"name\",\"difference\":\"Different\",\"left\":\"Inside Golden Master File\",\"right\":\"In-1000004110\",\"status\":\"ExpectedDifference\",\"discussion\":\"Expected For Different Campaigns\"},{\"field\":\"look_back_start_dt\",\"difference\":\"Different\",\"left\":\"2019-11-12T00:00:00\",\"right\":\"2021-04-05T00:00:00\",\"status\":\"ExpectedDifference\",\"discussion\":\"Expected For Different Campaigns\"},{\"field\":\"look_back_end_dt\",\"difference\":\"Different\",\"left\":\"2020-11-11T23:59:59\",\"right\":\"2021-04-12T00:00:00\",\"status\":\"ExpectedDifference\",\"discussion\":\"Expected For Different Campaigns\"},{\"field\":\"is_in\",\"difference\":\"Identical\",\"left\":\"1\",\"right\":\"1\",\"status\":\"None\",\"discussion\":null},{\"field\":\"is_find\",\"difference\":\"Identical\",\"left\":\"True\",\"right\":\"True\",\"status\":\"None\",\"discussion\":null},{\"field\":\"partial_query_criteria\",\"difference\":\"Different\",\"left\":\"v.[CustomerId] FROM [cardlytics].[CustomerSegmentation] v WITH(NOLOCK) WHERE v.[CustomerId] = a.[CustomerId] AND v.CustomerSegmentationID = 512269 GROUP BY v.[CustomerId]|[cardlytics].[v_ValidTransactions] v WITH(NOLOCK) ON v.CustomerId = aa.CustomerId WHERE DayId BETWEEN 20191112 AND 20201111\",\"right\":\"v.[CustomerId] FROM [cardlytics].[CustomerSegmentation] v WITH(NOLOCK) WHERE v.[CustomerId] = a.[CustomerId] AND v.CustomerSegmentationID = 1000003092 GROUP BY v.[CustomerId]|[cardlytics].[v_ValidTransactions] v WITH(NOLOCK) ON v.CustomerId = aa.CustomerId WHERE DayId BETWEEN 20210405 AND 20210412\",\"status\":\"FunctionallyEquivalent\",\"discussion\":\"PartialQueryCriteria Is Expected to be different for different campaigns, validate look back and customer segmentation\"}]},{\"record\":\"2\",\"fields\":[{\"field\":\"segment_id\",\"difference\":\"LeftOnly\",\"left\":\"512271\",\"right\":null,\"status\":\"FunctionallyEquivalent\",\"discussion\":\"Out Segment Not Generated For Activate\"},{\"field\":\"parent_id\",\"difference\":\"LeftOnly\",\"left\":\"512269\",\"right\":null,\"status\":\"FunctionallyEquivalent\",\"discussion\":\"Out Segment Not Generated For Activate\"},{\"field\":\"segmentation_graph_id\",\"difference\":\"LeftOnly\",\"left\":\"39162\",\"right\":null,\"status\":\"FunctionallyEquivalent\",\"discussion\":\"Out Segment Not Generated For Activate\"},{\"field\":\"name\",\"difference\":\"LeftOnly\",\"left\":\"Outside Golden Master File\",\"right\":null,\"status\":\"FunctionallyEquivalent\",\"discussion\":\"Out Segment Not Generated For Activate\"},{\"field\":\"look_back_start_dt\",\"difference\":\"LeftOnly\",\"left\":\"2019-11-12T00:00:00\",\"right\":null,\"status\":\"FunctionallyEquivalent\",\"discussion\":\"Out Segment Not Generated For Activate\"},{\"field\":\"look_back_end_dt\",\"difference\":\"LeftOnly\",\"left\":\"2020-11-11T23:59:59\",\"right\":null,\"status\":\"FunctionallyEquivalent\",\"discussion\":\"Out Segment Not Generated For Activate\"},{\"field\":\"is_in\",\"difference\":\"LeftOnly\",\"left\":\"0\",\"right\":null,\"status\":\"FunctionallyEquivalent\",\"discussion\":\"Out Segment Not Generated For Activate\"},{\"field\":\"is_find\",\"difference\":\"LeftOnly\",\"left\":\"True\",\"right\":null,\"status\":\"FunctionallyEquivalent\",\"discussion\":\"Out Segment Not Generated For Activate\"},{\"field\":\"partial_query_criteria\",\"difference\":\"LeftOnly\",\"left\":\"v.[CustomerId] FROM [cardlytics].[CustomerSegmentation] v WITH(NOLOCK) WHERE v.[CustomerId] = a.[CustomerId] AND v.CustomerSegmentationID = 512269 GROUP BY v.[CustomerId]|[cardlytics].[v_ValidTransactions] v WITH(NOLOCK) ON v.CustomerId = aa.CustomerId WHERE DayId BETWEEN 20191112 AND 20201111\",\"right\":null,\"status\":\"FunctionallyEquivalent\",\"discussion\":\"Out Segment Not Generated For Activate\"}]}]},{\"set\":\"offers\",\"records\":[{\"record\":\"0\",\"fields\":[{\"field\":\"offer_id\",\"difference\":\"Different\",\"left\":\"145325\",\"right\":\"1000002578\",\"status\":\"ExpectedDifference\",\"discussion\":\"Ids Vary Between Campaigns\"},{\"field\":\"campaign_id\",\"difference\":\"Different\",\"left\":\"36570\",\"right\":\"1000004565\",\"status\":\"ExpectedDifference\",\"discussion\":\"Ids Vary Between Campaigns\"},{\"field\":\"segment_id\",\"difference\":\"Different\",\"left\":\"512270\",\"right\":\"1000003093\",\"status\":\"ExpectedDifference\",\"discussion\":\"Ids Vary Between Campaigns\"},{\"field\":\"status_id\",\"difference\":\"Identical\",\"left\":\"0\",\"right\":\"0\",\"status\":\"None\",\"discussion\":null},{\"field\":\"placement_type_id\",\"difference\":\"Identical\",\"left\":\"3\",\"right\":\"3\",\"status\":\"None\",\"discussion\":null},{\"field\":\"name\",\"difference\":\"Different\",\"left\":\"Existing $15.00\",\"right\":\"TestAd_134202112535\",\"status\":\"ExpectedDifference\",\"discussion\":\"Expected For Different Campaigns\"},{\"field\":\"redemption_name\",\"difference\":\"Different\",\"left\":\"Brooks Brothers, Inc\",\"right\":\"Brooks Brothers, Inc.\",\"status\":\"MinorIncorrect\",\"discussion\":\"RedemptionName should be Redeeming Merchant Name, Campaign might not have been built identically\"},{\"field\":\"reward_amount\",\"difference\":\"Different\",\"left\":\"15.0\",\"right\":\"0.0\",\"status\":\"InvestigationNeeded\",\"discussion\":null},{\"field\":\"reward_cap\",\"difference\":\"Different\",\"left\":\"20.5\",\"right\":\"2.0\",\"status\":\"MajorIncorrect\",\"discussion\":\"Reward RewardCap Outside Of Expected Boundaries\"},{\"field\":\"start_dt\",\"difference\":\"Different\",\"left\":\"2020-11-12T00:00:00\",\"right\":\"2021-04-12T00:00:00\",\"status\":\"FunctionallyEquivalent\",\"discussion\":\"Ad Date Difference Between Campaigns is considered Functionally Equivalent\"},{\"field\":\"end_dt\",\"difference\":\"Different\",\"left\":\"2020-12-12T23:59:59\",\"right\":\"2021-04-26T23:59:59\",\"status\":\"FunctionallyEquivalent\",\"discussion\":\"Ad Date Difference Between Campaigns is considered Functionally Equivalent\"},{\"field\":\"redemption_start_dt\",\"difference\":\"Different\",\"left\":\"2020-11-12T00:00:00\",\"right\":\"2021-04-12T00:00:00\",\"status\":\"FunctionallyEquivalent\",\"discussion\":\"Ad Date Difference Between Campaigns is considered Functionally Equivalent\"},{\"field\":\"redemption_end_dt\",\"difference\":\"Different\",\"left\":\"2020-12-14T23:59:59\",\"right\":\"2021-04-27T23:59:59\",\"status\":\"FunctionallyEquivalent\",\"discussion\":\"Ad Date Difference Between Campaigns is considered Functionally Equivalent\"},{\"field\":\"size_of_control_group\",\"difference\":\"Different\",\"left\":\"0.0\",\"right\":\"0.05\",\"status\":\"InvestigationNeeded\",\"discussion\":null},{\"field\":\"reward_percent\",\"difference\":\"Different\",\"left\":\"0.0\",\"right\":\"0.05\",\"status\":\"InvestigationNeeded\",\"discussion\":null},{\"field\":\"min_spend\",\"difference\":\"Different\",\"left\":\"0.25\",\"right\":\"10.0\",\"status\":\"InvestigationNeeded\",\"discussion\":null},{\"field\":\"min_visit\",\"difference\":\"Different\",\"left\":\"1\",\"right\":\"2\",\"status\":\"InvestigationNeeded\",\"discussion\":null},{\"field\":\"is_gift_card\",\"difference\":\"Identical\",\"left\":\"False\",\"right\":\"False\",\"status\":\"None\",\"discussion\":null},{\"field\":\"gift_card_amount\",\"difference\":\"Identical\",\"left\":\"0.0\",\"right\":\"0.0\",\"status\":\"None\",\"discussion\":null},{\"field\":\"pre_message\",\"difference\":\"Identical\",\"left\":\"Earn {Amount} on your {MerchantName} purchase!\",\"right\":\"Earn {Amount} on your {MerchantName} purchase!\",\"status\":\"None\",\"discussion\":null},{\"field\":\"population_split\",\"difference\":\"Identical\",\"left\":\"100\",\"right\":\"100\",\"status\":\"None\",\"discussion\":null},{\"field\":\"killed_dt\",\"difference\":\"Identical\",\"left\":\"0001-01-01T00:00:00\",\"right\":\"0001-01-01T00:00:00\",\"status\":\"None\",\"discussion\":null},{\"field\":\"thank_you_message\",\"difference\":\"Different\",\"left\":\"Thank you for choosing {MerchantName}!\",\"right\":\"Thank you for your {MerchantName} purchase.\",\"status\":\"FunctionallyEquivalent\",\"discussion\":\"Ad Copy Difference Between Campaigns is considered Functionally Equivalent\"},{\"field\":\"short_pre_exp_message\",\"difference\":\"Identical\",\"left\":\"Earn {Amount}!\",\"right\":\"Earn {Amount}!\",\"status\":\"None\",\"discussion\":null},{\"field\":\"short_post_exp_message\",\"difference\":\"Identical\",\"left\":\"\",\"right\":\"\",\"status\":\"None\",\"discussion\":null},{\"field\":\"pre_web_beacon\",\"difference\":\"Identical\",\"left\":\"https://images.cardlytics.com/?http://prehealthcheck.cardlytics.com%26xt={CardTag}%26ot={OT}\",\"right\":\"https://images.cardlytics.com/?http://prehealthcheck.cardlytics.com%26xt={CardTag}%26ot={OT}\",\"status\":\"None\",\"discussion\":null},{\"field\":\"is_cumulative\",\"difference\":\"Identical\",\"left\":\"False\",\"right\":\"False\",\"status\":\"None\",\"discussion\":null},{\"field\":\"is_multiple_reward\",\"difference\":\"Different\",\"left\":\"True\",\"right\":\"False\",\"status\":\"MinorIncorrect\",\"discussion\":\"Campaign Was not Built Identically, Can Be Aligned in Swagger\"},{\"field\":\"is_spend_or_visit\",\"difference\":\"Identical\",\"left\":\"False\",\"right\":\"False\",\"status\":\"None\",\"discussion\":null},{\"field\":\"is_report_based\",\"difference\":\"Identical\",\"left\":\"False\",\"right\":\"False\",\"status\":\"None\",\"discussion\":null},{\"field\":\"create_dt\",\"difference\":\"Identical\",\"left\":\"0001-01-01T00:00:00\",\"right\":\"0001-01-01T00:00:00\",\"status\":\"None\",\"discussion\":null},{\"field\":\"last_date_modified\",\"difference\":\"Different\",\"left\":\"2020-11-12T09:23:12.103\",\"right\":\"2021-04-12T22:34:38.2570322\",\"status\":\"ExpectedDifference\",\"discussion\":\"Expected For Different Campaigns\"},{\"field\":\"offer_type_id\",\"difference\":\"Identical\",\"left\":\"1\",\"right\":\"1\",\"status\":\"None\",\"discussion\":null},{\"field\":\"click_out_message\",\"difference\":\"Identical\",\"left\":\"\",\"right\":\"\",\"status\":\"None\",\"discussion\":null},{\"field\":\"is_placement_change\",\"difference\":\"Identical\",\"left\":\"False\",\"right\":\"False\",\"status\":\"None\",\"discussion\":null},{\"field\":\"detail_list\",\"difference\":\"Identical\",\"left\":null,\"right\":null,\"status\":\"None\",\"discussion\":null},{\"field\":\"portfolio_list\",\"difference\":\"Identical\",\"left\":null,\"right\":null,\"status\":\"None\",\"discussion\":null},{\"field\":\"is_matched\",\"difference\":\"Identical\",\"left\":\"False\",\"right\":\"False\",\"status\":\"None\",\"discussion\":null},{\"field\":\"merchant_modal_html\",\"difference\":\"Identical\",\"left\":\"\",\"right\":\"\",\"status\":\"None\",\"discussion\":null},{\"field\":\"missed_redemption_pre_message\",\"difference\":\"Different\",\"left\":\"\",\"right\":\"Earn {Amount} on your {MerchantName} purchase!\",\"status\":\"InvestigationNeeded\",\"discussion\":null},{\"field\":\"missed_redemption_post_message\",\"difference\":\"Different\",\"left\":\"\",\"right\":\"Earn {Amount} on your {MerchantName} purchase, with a {RewardCap} maximum.<br/><br/>Happy Shopping!<br/><br/>Offer valid one time only. Offer expires {ExpirationDate}. <b>Payment must be made directly with the merchant.</b> Offer not valid on third-party delivery services. Payment must be made on or before offer expiration date.\",\"status\":\"InvestigationNeeded\",\"discussion\":null},{\"field\":\"is_missed_redemption_offer\",\"difference\":\"Identical\",\"left\":\"False\",\"right\":\"False\",\"status\":\"None\",\"discussion\":null},{\"field\":\"offer_replacement_pairs\",\"difference\":\"Identical\",\"left\":null,\"right\":null,\"status\":\"None\",\"discussion\":\"See Set offer_replacement_pairs\"},{\"field\":\"priority_index\",\"difference\":\"Identical\",\"left\":\"4\",\"right\":\"4\",\"status\":\"None\",\"discussion\":null},{\"field\":\"customer_engagement_modifier\",\"difference\":\"Identical\",\"left\":\"0\",\"right\":\"0\",\"status\":\"None\",\"discussion\":null},{\"field\":\"missed_redemption_short_pre_message\",\"difference\":\"Different\",\"left\":\"\",\"right\":\"Earn {Amount}!\",\"status\":\"InvestigationNeeded\",\"discussion\":null},{\"field\":\"active_pre_message\",\"difference\":\"Identical\",\"left\":\"Earn {Amount} on your {MerchantName} purchase!\",\"right\":\"Earn {Amount} on your {MerchantName} purchase!\",\"status\":\"None\",\"discussion\":null},{\"field\":\"active_short_pre_exp_message\",\"difference\":\"Identical\",\"left\":\"Earn {Amount}!\",\"right\":\"Earn {Amount}!\",\"status\":\"None\",\"discussion\":null},{\"field\":\"is_high_priority\",\"difference\":\"Different\",\"left\":\"True\",\"right\":\"False\",\"status\":\"MajorIncorrect\",\"discussion\":\"Campaign Was not Built Identically, IsHoldRedemptions is hardcoded as false for Activate\"},{\"field\":\"is_gated\",\"difference\":\"Identical\",\"left\":\"False\",\"right\":\"False\",\"status\":\"None\",\"discussion\":null},{\"field\":\"bank_funded_ind\",\"difference\":\"Different\",\"left\":\"False\",\"right\":\"True\",\"status\":\"MinorIncorrect\",\"discussion\":\"Campaign Was not Built Identically, Can Be Aligned in Swagger\"},{\"field\":\"fi_offerid\",\"difference\":\"Identical\",\"left\":null,\"right\":null,\"status\":\"None\",\"discussion\":null},{\"field\":\"offer_flag\",\"difference\":\"Identical\",\"left\":\"8\",\"right\":\"8\",\"status\":\"None\",\"discussion\":null},{\"field\":\"client_account_id\",\"difference\":\"Different\",\"left\":\"11193\",\"right\":\"0\",\"status\":\"InvestigationNeeded\",\"discussion\":null},{\"field\":\"store_location_mode\",\"difference\":\"Identical\",\"left\":\"2\",\"right\":\"2\",\"status\":\"None\",\"discussion\":null},{\"field\":\"store_location_ids\",\"difference\":\"Identical\",\"left\":null,\"right\":null,\"status\":\"None\",\"discussion\":\"See Set store_location_ids\"}]}]},{\"set\":\"offer_replacement_pairs\",\"records\":[]},{\"set\":\"store_location_ids\",\"records\":[{\"record\":\"1874306\",\"fields\":[{\"field\":\"store_location_ids\",\"difference\":\"LeftOnly\",\"left\":\"1874306\",\"right\":null,\"status\":\"InvestigationNeeded\",\"discussion\":null}]}]},{\"set\":\"offer_details\",\"records\":[{\"record\":\"0\",\"fields\":[{\"field\":\"offer_detail_id\",\"difference\":\"Different\",\"left\":\"145325\",\"right\":\"1000002578\",\"status\":\"ExpectedDifference\",\"discussion\":\"Ids Vary Between Campaigns\"},{\"field\":\"pre_message\",\"difference\":\"Identical\",\"left\":\"Earn {Amount} on your {MerchantName} purchase!\",\"right\":\"Earn {Amount} on your {MerchantName} purchase!\",\"status\":\"None\",\"discussion\":null},{\"field\":\"post_message\",\"difference\":\"Different\",\"left\":\"Earn {Amount} on your {MerchantName} purchase, with a {RewardCap} maximum.<br/><br/><br/>{Link1}<br/><br/>Offer valid one time only. Offer expires {ExpirationDate}. <b>Payment must be made directly with the merchant.</b> Offer not valid on third-party delivery services. Payment must be made on or before offer expiration date.\",\"right\":\"Earn {Amount} on your {MerchantName} purchase, with a {RewardCap} maximum.<br/><br/>Happy Shopping!<br/><br/>Offer valid one time only. Offer expires {ExpirationDate}. <b>Payment must be made directly with the merchant.</b> Offer not valid on third-party delivery services. Payment must be made on or before offer expiration date.\",\"status\":\"FunctionallyEquivalent\",\"discussion\":\"Ad Copy Difference Between Campaigns is considered Functionally Equivalent\"},{\"field\":\"image_text\",\"difference\":\"Different\",\"left\":\"Brooks Brothers, Inc\",\"right\":\"Brooks Brothers, Inc.\",\"status\":\"MinorIncorrect\",\"discussion\":\"Image Text should be Redeeming Merchant Name, Campaign might not have been built identically\"},{\"field\":\"offer_image\",\"difference\":\"Different\",\"left\":\"/9j/4AAQSkZJRgABAQAAAQABAAD/2wBDABALDA4MChAODQ4SERATGCgaGBYWGDEjJR0oOjM9PDkzODdASFxOQERXRTc4UG1RV19iZ2hnPk1xeXBkeFxlZ2P/2wBDARESEhgVGC8aGi9jQjhCY2NjY2NjY2NjY2NjY2NjY2NjY2NjY2NjY2NjY2NjY2NjY2NjY2NjY2NjY2NjY2NjY2P/wAARCACAAIADASIAAhEBAxEB/8QAGwABAAMBAQEBAAAAAAAAAAAAAAMEBQIBBgf/xAAxEAACAgIABAUDAgUFAAAAAAABAgADBBEFEiExFEFRVZMTMmEicSNikaGxBkJSwfD/xAAUAQEAAAAAAAAAAAAAAAAAAAAA/8QAFBEBAAAAAAAAAAAAAAAAAAAAAP/aAAwDAQACEQMRAD8A/QIiICIiAiIgIiICIiAiIgIiICIiAiIgIiICIiAiIgIiICIiAiIgIiIHkREBERAREQPHda0Z2OlUbJ1PnuOcYyVx1twfqV1VsDbYyEd+gGiOvXU287IbFxLLlrNjKOijznyHH8uzJ/0zbk5GRYLGtRRUOgB2D2gb/COKX2hcfiGNZRfvlDEbDkDr1E15k4+SaM/Fxa8nxFd1ZY8x2y6Hffp5TWgIiICIiAiIgIicu61rzN2gdRIle5uv0go/mbr/AGnPiSbTSE/igb79NfvAniRhLD91uj+FisuLCj6bpsMBqB2wDKQwBB7gylfw6qzPoyQiA17DA/7hrQ6S6zKuuYgbOhszl7dNyopdvQeX7wKeDwurFy8jK5F+rc29jyHoJfkFlt1al2qUqOp0/X+4nlOQcuvno0qb1th1/p5QLESJq7dbW7r+VGjO6350Ddj5wOonisrjasGHbYM9gIiICRXHlZH5C4XfYbI/MllfOyvB4j3/AEntKjoiLssYFbOynL149QZXs/V26hR3Op1jstuSrUhhXSrKxYaJY6lLCS3GVs7iIc5F45mRFLaHkg16SGvHzsnddqvS2XYbbNdqkGgBv/kQP8wNl8m0dExbC3bqygf13Jag3e0rznyHYTCTDvSrIvQv9RLGatCN8oB7fkk+fpPbMXN5EWm6w33qVsuK9vNm/GuwEC9URxHiBt2DjYrEJ/NZ5n9h2ltWNbODWzFmJDDsRMDGrsw8fdOPZzWVfT5VBHUb0Nep8zLHErs68UcKxK7K3sUC6/lPLWnno+pgTjOW2xr7A7Y6EqvINhiP+tyfhtd2Nj22Xr/Futa0oCP077CUba2bBTh2DS6u2kdipC1ID16+sjysXIy0uynFiksKqV0eg31dh/gfiBp5GVkMrCur6CD77rSP0j8Ab/vK3jvq4dOPicyWXkqjN3VPNz/7zlbIxb63FIFj4zAvYANs4XyJ9WPU/iQNjZjWrfdQz32L9VlA6Kq/bWPTr1MD6SiqvGpSmvQVBoCd8w9RMNcfIFK2kvbk3dCSugCfL8KJxjUcuTRRj493Mp3dZYND9Pbr+T11A+gieICFAY8x8zPYCJneK4p7anzCPFcU9tT5hA0ZC73DKRVrBqKks3ofISp4rintqfMI8VxT21PmECwlmUyVFq0Vi+nG96HrObbssVWmugF1cBAT9y+sh8VxT21PmEeK4p7anzCBZazIH1QKtkICn5PpPGsyQ1nLUpAr2nXu3pK/iuKe2p8wjxXFPbU+YQJ67comjnpUcwP1NH7fSd4z3uH+vWE02l0e4lXxXFPbU+YR4rintqfMIFpbLy1O6gA2+fr9vpAsvJq3UNMTz9ft9JV8VxT21PmEeK4p7anzCBoxM7xXFPbU+YR4rintqfMIGjEzvFcU9tT5hPUyeJF1D8PVVJGz9YHQgaMREBERAREQEREBERAREQEREBERAREQEREBERAREQEREBERAREQERED/9k=\",\"right\":\"iVBORw0KGgoAAAANSUhEUgAAAIAAAACACAYAAADDPmHLAAAV/ElEQVR4Xu1dB1RWx9bd9N6bgAVBQEAEBBQLIChKrLF3sMTYy4/mCSY2FGNJBASMPRZMNKIJiYiKYAFEBVRAigEREFRAehGQ8q8ZlKdBhMTkvmu+mbVcWUvn3nPm7D3nnNlzvxWhpqamJrAhsBEQYgQQWOzpwhkBBBt/RgABx58RgBGANYECzQHWAwg0/KwJFHD4GQEYAZgOINgcYD2AYOPPjoECjj8jACMA0wEEmgOsBxBo+NkxUMDhZwRgBGA6gGBzgPUAgo0/OwYKOP6MAIwATAcQaA6wHkCg4WfHQAGHnxGAEYDpAILNAdYDCDb+7Bgo4PgzAjACMB1AoDnAegCBhp8dAwUcfkYARgCmAwg2B1gPINj4s2OggOPPCMAI8C/TARoaGiAkBAgLiwg6th1a/7+uB9i3/xDExMRR+aIOkyeMQScNtQ4FQlAn/esIsH6LN1IT4pCUmoXxE8Zh83o3NDTUQ1xcXFAxfu+6/zUEePGiBj6+B5BfmIfO2nowMdLDb6Hh0NLqhOSk2wjw2w0FBXmIiLDS8CYjPnoCHDx4GHoGxuhtoo9xM5di1WIXPEjPhKycHHS6aCHjYRYMDHrg9OkzcHWdBUP97lBQUICkBMsIhAgfLQGOB57Cg0d5kJUSQ8nzZzA2NkFVTQ0WfOYKv++O4FHWY/ju3IiS0jLs2LETTsOG4/DRk2hqqMXSxQvQ38aalYSPlQClpWXY6OUN91WLoaiogOLSUoiJikJNVYWCeuzEacTeuQ+/bzehsbGR/hEVFUVxSRlkZaXpXCFyVGDj480AbWFXWlYOt1WeaBAC9vh4QkZGmsH8ngh8tCXgj2sKC49Ebm4eyquqcPDAWZj00oFRTz2YGBti4riRnJGgrq6OZhthYWHObH6IoY+eAJcjruFQYDDMTXqgS2dN9DI2xJIFyyCroo3Nm9yQ9vtD1NbUoX8/Sxga6P3jp4Do6GgYGBhATe3j0B8+WgKQur55625UvSiHlaUlNDVUYWHWC2JiorAb4Iw6SONufAiKiotxIyYODx/lwLa/NSwtzT5kw7T7LBFWP6b+4qMlQHRMLC5fiURnzU5QV1eFhYUpOmtpoqKiElZ9nNEkJon7CechLiaO+oYGnPjxLIqKijFx/Ch07aLdLpCCMuGjJEBsfCJOBv2CcWOckZLyAGpqqtBQV4OamhIeZWZjxCfOGGA3Gnv8NqOXiTHFMiX1ASKuRWFAX2v06dNbUPBtd53/MwLU1zcgOuY2qivLICOvhBcvaqGoIIu6upeQlpJEYxNgbKQPGem3u/i6l/Vw/2or9HW7Iu9pPlRVVVBf/xIjhw9FTu4TPHmWj8ysXEhJiEBORo4oHdDX18XTp4WorHwBPb0uGDHcsd3AdHQCSflJSWmoqn4BEVFhSElKgJYBYSHU1dVDVUWJZhy+loW/nQDkNu7pswKQ/zY0NEJVRRHy8vJvxTPobDC+WLUKP/x4EhbmpG43q3JvHs2fFxUjJDQcc1ymtMKCyL5h4VdhbWWOktJyXL4aDWUFeWioqcDCojcUFeQpCET2LSgoRMC+o8jOzceIYYOgqKAI52EO7eJbXV2N50UlaCTvERZGl85arZ4hJJ48zQU2/QbA1WUKlBQVICraLDWT5wiZo6JvgZwMRo1watfm/2LC30KAwufFSE1Lp6DLy8tCXFwMjQ1NqG9sQFVFFc6HhkFfvzuUlVTx229n0M/GBvPnzWn3qPQsvxBXr8dg0viRrbr3qOjbKHhehE9HD6fv8diwHSpKCvh83gzIy8m9Fcvlbhugp9sZSkpKGD3CCUpKCu+MdUJSKp4/L6KNJNm59Q3NIhIhck5ODhLvJ0NBXgETx43GqbPByH6YjvmfL4CpieF7sUu6n4bnxSWwH9Sv3TVzTYIPJsD1qFtISf0dUyePpTuvraGra4IuXbRx8eKvkJSU7PA60zMyKaAaf7jWra+vp8F8fd6OuRWLX0PC4L5qKb30eXME/XwOEAJMjXvC0KBHK9svX9Zj36FA9LUyh1UfMwgLN6uEj7JyaPp+8wLJd/dBrPnCA4cP78H0GZM6vI6k5DQY9NCFBM/uIP4yAciuuBoZA1VlJZj1bm603hxx8YkQFRNBZ20tLF22BubmJjgdFILwS6epfNvRkZKWTutqd52u730kITEZCfdTMcR+ILS1NVvmNjU2wX/vISgrK2NAP0t0797trfcUPi8COVE4Odq1Ug0vX4mGg51NCwGI2LRl81aUlQth3HgnrFu7gtb2jtT3e4nJ0NfThYyMVEeXzsm8v0yAO3cTISkpDmOjnq0cJaXg4NHTmDllLKz7joDTUGt4e2+DveMknD29H2pqzZp9R0ZmZjakpKWg2Un9vdOPnjiNXbsCcOP6+dZAXg7Hxau3sXOLx1vvIH1C4A9nMGvGxNZZob4e16Nuw9G+PwW4IL8YZuaWSEiIw9EjP2HfwROIux2CSxGRGD/Gmap/bQ1i58q1GAzsb/XvyAC0ublxG46DB75zzSRw+j26Yf7nqzGwvwU8PNzwsu4lTM2HIur6z1BVVe4I9rSnOBUUjCkTx/4jCl7O4zwIiwhT/eCP43JEJPR0u9HMQ8qcvf1YREcFY0D/fvDaGoCgMyGIuh5Eu/+UtN+hqaEO/R7dW9V40sekpv0OPV0dlJUWU6IYGRl1aP1cTGo3AzQ0NgKv/t+Sr2shuXAh16zdu3VptaPup6ShuLgMO3fugZi4MH4M3AdJSQnE3LqLDevc8dtvv0JCQqLdtZG6fPxkMEZ/Mrjllu/Nh2pqapCV+wSGujoQ+ou6O2lclZQUW3029uxZAW7G3sGno51RXFwKxyEjsG9/APpZW9DOfszYqRhsOxTuaxdRl8gOj4tPwM3YuxgyeCAkJCVRXVVNhSojQ3042Penaz58+DAyMjKwdevWlufSH2ZCT0cHIq9OD+0G5m+e0CYByDGM3KmXlZWjuLQcMtKSUFFWonq6pIQE7iTcx0AbqxZ3SFNGAkDq9c9nziI7Jxs+Pj5QUVZAfn4+BtgNwR4/XwwfNuS9SyDBzMjMQtqDhzDt1RM6XTu/c/6KFe4YPfYTDHW0bzck5NiYk5uHkpIyms61NDWgrdUJ2Y9zISwkjG5v2CBH2Lg79+HsZIenT5/CafhILF2yCMuWLkJtXR02btyCx4+LEHg84J128/MLUVldTfULdTWVVhmhorISsjIy9ISxym01zCzMMW+Oa7tr+KcmtCIAAfL2nUQUFjyHsZEB9PV0WmwTQkTGxGHaxNG4FhUDSXFxetv2JL8AyckPaJr7NfgSQkKC4O/nj6zHj2Gor4dd3+7CkiWLYfPqIwyyi8IirqOPea+W2ikqIorEpFRUVlXSHTTUYdA710zO3tt3eONJXiH8A7aT5r7NUVFZhaSkFKpL9OzZA/UvG2jKJ0QoL6+Ava0Nzl+IQG9TI0qKhMQUlJaXw9nJAXUvX8LFdR6UFLtioL0VKivKcTfuDhWpfHy3028K/ux4+qwQ127GY8rY4TgeeBJHj51CeNgvf/Y1f+v8VgSIiomFspIijHvqv9NQdk4uYuMT6BUrKQNEX5eWlqZp+seffoHf7u8QePwAyK6LT0hGZkY61FVVsGL5Avq+mto6KvgQEpSXlaOwqBhoAuTkZGg6lpOVgZiYWJuLDAm9jDNBp7EnwPet42RtbR2ePnsGnW7Np4X7qRm0Njva2UBVpXXPQY546RmP4DB4IAryC1FTW0vnycvLoaqqGhMmzYaisiq2e3mgqKQE4WFXkJz6EEe/92vxraSkHEpKbR9931zE7bgExN9NwjzXKcjMeYotm9bj8KEDVDNpa1RWVtPy+Vpcej0vOTkFBgb6741TR1nyFgHKKyrpzpwwdkSbzxcUFiHkQjjmzJrcMoek7YTERAwd4ozQ8+dg2NMADzOzUP2iBl211eHusRHHjh2kjdy69Z5wcHSA7UCblgWQrENKDiktr4+IZKcXF5dATFyM6gskdefk5GHK1Bn44cRR+qympkZLc3j252CUlVdijusMSq4zwRcxbdKo98bh0LGTcJ0+8a0Ongg/O3b44cQPJ3A57BzEJSQoIWTlpGFnOxYJ965QX8ia16z5Cl9+5Q4pKUmIvyItWQvJLsQ/oiAeORGEh+mpuHAxDosXz8TYMcNgbz8UgYFHYaCvR8vBa22AZJ2SklIoKijQv5s4eS68vNZBr3vXFhI8ys6F1+ZN2Lt3bytidBT0N+e9RYCzwaHoZ2UBbe1Obb6LdMeWfXpT2fP1IFr4iFGT8P2hAIhKiENaSgK6Ot1ot+/tE0C18gP7fVBZVYXgc2FAYyPu3kuE9zebaSDXrd8Mra46UFFRwZTxI1FeXoZlbl+iv01fWFv1oRIv2QXTp8/HoiXzYTeoH1auXAtfn61QV1dDRlYuQkNCsWjBHApm+JVIGtx3ybevfSZkj7gajTGjhkH4DQ16/cZvEHbxHA4f3o9Hj/PQWUsDYqJi0NPTgbGpHdJTomnTSTLcjZu30NgAFBXlY+qUyXheUg6vLV4YPXokpKRk0cvYAHcTkjBl8lzExUZQfcJl9lKMHj0MEtIysDA1wqmfgrDabTlSUtOwd//30OveA3p63ei1dWR0LHKy0qGgqIz581xRXf0Cqz08sXrlQui+0jOafwgj9JcVxrcI8Mu5S+jbxwxaWhoUGLILKdvRRFlNvrYl3aylea8W8BMTkzHUaRp2fbsO2l20YNbbhJYQMkiQ+vQZgv+sWYlZM8eByLd9LEyxbMVqzJvtAgMjQzgMHoO1a5dBS1sbYRHX8NnsWZg9+zPMmecCSwsLfL1tB7Z97YU17hvQtVtnuM6ajvz8J7h6LQabNniAyNBhV6MRe+Mavv7aizZfEVej0Nfagu6udw2S7kMuRMB+ECkPSnQKCeSRI4Hw9vbG2vUboSAnCwf7AbS8kREdHYfP5v8fUlMiUVVdjdCLV2Bo2AOLFy3Hxg1fQrd7V3y+cDnc3d1QVlqO5PvJGD9hAj4ZMQMnAnejX19LrN+wFdk5BZgxcwLMTI0xb+5cLFq8lJJrzZebsN1rI8IiojHXZTLi7yWhp74Ops/4DAEB3rS/unMvEZHXr8DJaTisLC0oISKuRdN+6c+oq21mAKKK3UtMgZOjLSorq6i0qqykgCfPCmBhZoKunbWgrKzUonzdiLmJFSvdsX2bJ2pq62E7sC/k5GRb3n/qZDA8t2zGlSsXqG7Qx9wUq1evgbFJLwqeveOn8NywGnZ2g9C95yB4bXaD5/qtWL5iCZYungs//wDIK2sgLSUdRErdG7Ad3j578OnYT+h5vKS4BLfvJGDoYFvMnbcQ+/f7Q1pKCjdvxVOxiQSNAEv6A3I7RwidlpZObwwH2FhD7ZUeUVNTi/+4r0dc3F0cO7IP2bl5cLAb0LKriOrZr/9IDB82EJ6b1iLkwmVYW5phwaJlqCwrgt9uX7jMJun6a1hZWWD2nEVYtnwxVrm5Y+H86Vi0eAl+PPULvtt/ELu9d6CbTmd84jwV8+ZNgqmJGSZMHItNm7dBSUEJtrZ9ERp2FcOH2GPypAn46quNsLXtjxu34mBp3hvLV7ph6ZKFsLayQvTNWJgYGbaQ+INLAHkBSYs99HTe+9EE6QO+++4A4mJvYZePN03Rj3Of0BPBfxuVVEybNhcBe7xRXlmNflbmCDx+EneSUhDgux0TZyxCTz1N+Hpvx92EZJBr3ps3biPkXCguXDiNrOxckHpKQF65ciWCzgShoqIKc+bMx6/BP8Hbxx8Xw27gRuQ5xCek4gu3NTh16nt0fiUDk1JjN6gvPSXcir1L07aoiAi0tTRa7gNIvU9KToWvzx5ISctg00YPZD7Kot8WvHk09PPfi4AAfxwPPIH0h1lwsOsP712+UFJWhLPzMMyZuxwjRg6Hl6cH3aUqysq4eOEyIqNu4vixvbiXlIZRI6bgxA/7YGZqBLvBo+DqOhOTJ43B5KmucJk5EzNnjqc90MXL12HdxwzLV3wBS2sbSEqI4dixUzh6xJ/kKUyZMpVqKZmPsmFiYgTND/zpW6tTQG1tLZUtSXdKgkA+oyZpsLS0nJaByBu3EB8fj1kzpmKAjRWtuSQVRUbfwlBHW9qAnQ0OwZ6Afdi5Ywtt1Ehtl5CQxKTJM7DZy5MeyxbOXYx9B/dATl4aUhIS9Cg2y3UpvL09kZHxCLLSMhAWacLMGS7Yf2AfTHuZwNl5JFb9xwPSkhI4duwHrF61DJfDr8Bz8zf4Ztc2uEwf3yIykSMgSdM63bQpoKQfIeWBlLaiohKkpWXiXOh5VFVUYsniudDX16cNZdqDdJDu28rSDGVlZfhynReKigvh8+1OIvnQJpW0DOoanXA6KJhmp6vXr+Hoke/o1S/5OoloJTY2AxB05gzNOEuWLMG2r7dj+rTxCLt0Cdt3+sPPfxdIH+LnuxvHjh4CufRKTE7FyOFDaKzdVq+Dh8cqHDp0HHNcJ1Ddxd8vAPM+XwhzU2NYW5rT5vNDR5tCUEHBc+TmPaXpvrGxAU0Qwsv6eqirKtPU+seRlf2Yii0V5RW09jsNcYCCwn/LAZkfHn4VL+qbYD+wHx4+zKDf6RsbGaKTRrPOH3snCQ31L2n2Iefye/fu0W/6HB2a7++joqLR0CRC/52odY/z8lBTXQEry74wMTFo5RMBm5CNrIX8PvBFTS0Fkfx93uN8dNJQhP1gu1aXOYlJKUjPyEJ9fS2kJWXh5GTbqsYeC/wRWlpd4Gg/AJE3Yuklj7amBiU8GSdOBkFHRwcaqsqIjYvFtKnN3zUUFRXhfOglWFlZwainPqKiYyAiKgoVZRUY6OvSOWQTnb8QBmVldWhqqtCvnXNzHkHfsBfMTHtCSurvu1BqVwr+Mwx7/UvzjtyOtfVeojq/7zcbb/77n/oAs4m0ss2D+BcUFIQjR47g3Llz73SlsZF83Nk8tyPjT/nyhxd+yLMd8e19c/5WAnyoM+x57iPACMB9zHllkRGAV3Bw7wwjAPcx55VFRgBewcG9M4wA3MecVxYZAXgFB/fOMAJwH3NeWWQE4BUc3DvDCMB9zHllkRGAV3Bw7wwjAPcx55VFRgBewcG9M4wA3MecVxYZAXgFB/fOMAJwH3NeWWQE4BUc3DvDCMB9zHllkRGAV3Bw7wwjAPcx55VFRgBewcG9M4wA3MecVxYZAXgFB/fOMAJwH3NeWWQE4BUc3DvDCMB9zHllkRGAV3Bw7wwjAPcx55VFRgBewcG9M4wA3MecVxYZAXgFB/fOMAJwH3NeWWQE4BUc3DvDCMB9zHllkRGAV3Bw7wwjAPcx55VFRgBewcG9M4wA3MecVxYZAXgFB/fOMAJwH3NeWWQE4BUc3DvDCMB9zHllkRGAV3Bw7wwjAPcx55VFRgBewcG9M4wA3MecVxYZAXgFB/fOMAJwH3NeWWQE4BUc3DvDCMB9zHllkRGAV3Bw7wwjAPcx55VFRgBewcG9M4wA3MecVxYZAXgFB/fOMAJwH3NeWWQE4BUc3DvDCMB9zHllkRGAV3Bw78z/A46j5ggkz9roAAAAAElFTkSuQmCC\",\"status\":\"FunctionallyEquivalent\",\"discussion\":\"Image Blobs have been shown to be different due to rescaling done by all systems\"},{\"field\":\"offer_id\",\"difference\":\"Different\",\"left\":\"145325\",\"right\":\"1000002578\",\"status\":\"ExpectedDifference\",\"discussion\":\"Ids Vary Between Campaigns\"},{\"field\":\"link_url1\",\"difference\":\"Different\",\"left\":\"http://links.cardlytics.com/?xt={CardTag}&h=2D45E31A4ECCDD0EE419B1249599D261&cq=http%3a%2f%2fwww.brooksbrother.com\",\"right\":\"https://l-uat.cardlytics.com?r=Zow1Z&xt={CardTag}\",\"status\":\"FunctionallyEquivalent\",\"discussion\":\"Ad Copy Difference Between Campaigns is considered Functionally Equivalent\"},{\"field\":\"link_text1\",\"difference\":\"Different\",\"left\":\"Shop now\",\"right\":\"Shop Now\",\"status\":\"FunctionallyEquivalent\",\"discussion\":\"Ad Copy Difference Between Campaigns is considered Functionally Equivalent\"},{\"field\":\"link_url2\",\"difference\":\"Identical\",\"left\":null,\"right\":null,\"status\":\"None\",\"discussion\":null},{\"field\":\"link_text2\",\"difference\":\"Identical\",\"left\":null,\"right\":null,\"status\":\"None\",\"discussion\":null},{\"field\":\"link_url3\",\"difference\":\"Identical\",\"left\":null,\"right\":null,\"status\":\"None\",\"discussion\":null},{\"field\":\"link_text3\",\"difference\":\"Identical\",\"left\":null,\"right\":null,\"status\":\"None\",\"discussion\":null},{\"field\":\"link_url4\",\"difference\":\"Identical\",\"left\":null,\"right\":null,\"status\":\"None\",\"discussion\":null},{\"field\":\"link_text4\",\"difference\":\"Identical\",\"left\":null,\"right\":null,\"status\":\"None\",\"discussion\":null},{\"field\":\"link_url5\",\"difference\":\"Identical\",\"left\":null,\"right\":null,\"status\":\"None\",\"discussion\":null},{\"field\":\"link_text5\",\"difference\":\"Identical\",\"left\":null,\"right\":null,\"status\":\"None\",\"discussion\":null},{\"field\":\"post_web_beacon\",\"difference\":\"Identical\",\"left\":\"https://images.cardlytics.com/?http://posthealthcheck.cardlytics.com%26xt={CardTag}%26ot={OT}\",\"right\":\"https://images.cardlytics.com/?http://posthealthcheck.cardlytics.com%26xt={CardTag}%26ot={OT}\",\"status\":\"None\",\"discussion\":null}]}]},{\"set\":\"seg_graph_merchants\",\"records\":[{\"record\":\"77706\",\"fields\":[{\"field\":\"seg_graph_id\",\"difference\":\"Different\",\"left\":\"39162\",\"right\":\"1000001523\",\"status\":\"ExpectedDifference\",\"discussion\":\"Ids Vary Between Campaigns\"},{\"field\":\"merchant_id\",\"difference\":\"Identical\",\"left\":\"77706\",\"right\":\"77706\",\"status\":\"None\",\"discussion\":null},{\"field\":\"redeem_id\",\"difference\":\"Identical\",\"left\":\"1\",\"right\":\"1\",\"status\":\"None\",\"discussion\":null},{\"field\":\"invoice_id\",\"difference\":\"Identical\",\"left\":\"1\",\"right\":\"1\",\"status\":\"None\",\"discussion\":null},{\"field\":\"report_id\",\"difference\":\"Identical\",\"left\":\"1\",\"right\":\"1\",\"status\":\"None\",\"discussion\":null},{\"field\":\"analysis_id\",\"difference\":\"Identical\",\"left\":\"1\",\"right\":\"1\",\"status\":\"None\",\"discussion\":null}]},{\"record\":\"77708\",\"fields\":[{\"field\":\"seg_graph_id\",\"difference\":\"LeftOnly\",\"left\":\"39162\",\"right\":null,\"status\":\"InvestigationNeeded\",\"discussion\":null},{\"field\":\"merchant_id\",\"difference\":\"LeftOnly\",\"left\":\"77708\",\"right\":null,\"status\":\"InvestigationNeeded\",\"discussion\":null},{\"field\":\"redeem_id\",\"difference\":\"LeftOnly\",\"left\":\"1\",\"right\":null,\"status\":\"InvestigationNeeded\",\"discussion\":null},{\"field\":\"invoice_id\",\"difference\":\"LeftOnly\",\"left\":\"1\",\"right\":null,\"status\":\"InvestigationNeeded\",\"discussion\":null},{\"field\":\"report_id\",\"difference\":\"LeftOnly\",\"left\":\"1\",\"right\":null,\"status\":\"InvestigationNeeded\",\"discussion\":null},{\"field\":\"analysis_id\",\"difference\":\"LeftOnly\",\"left\":\"1\",\"right\":null,\"status\":\"InvestigationNeeded\",\"discussion\":null}]},{\"record\":\"77710\",\"fields\":[{\"field\":\"seg_graph_id\",\"difference\":\"Different\",\"left\":\"39162\",\"right\":\"1000001523\",\"status\":\"ExpectedDifference\",\"discussion\":\"Ids Vary Between Campaigns\"},{\"field\":\"merchant_id\",\"difference\":\"Identical\",\"left\":\"77710\",\"right\":\"77710\",\"status\":\"None\",\"discussion\":null},{\"field\":\"redeem_id\",\"difference\":\"Identical\",\"left\":\"1\",\"right\":\"1\",\"status\":\"None\",\"discussion\":null},{\"field\":\"invoice_id\",\"difference\":\"Identical\",\"left\":\"1\",\"right\":\"1\",\"status\":\"None\",\"discussion\":null},{\"field\":\"report_id\",\"difference\":\"Identical\",\"left\":\"1\",\"right\":\"1\",\"status\":\"None\",\"discussion\":null},{\"field\":\"analysis_id\",\"difference\":\"Identical\",\"left\":\"1\",\"right\":\"1\",\"status\":\"None\",\"discussion\":null}]},{\"record\":\"66855\",\"fields\":[{\"field\":\"seg_graph_id\",\"difference\":\"LeftOnly\",\"left\":\"39162\",\"right\":null,\"status\":\"InvestigationNeeded\",\"discussion\":null},{\"field\":\"merchant_id\",\"difference\":\"LeftOnly\",\"left\":\"66855\",\"right\":null,\"status\":\"InvestigationNeeded\",\"discussion\":null},{\"field\":\"redeem_id\",\"difference\":\"LeftOnly\",\"left\":\"1\",\"right\":null,\"status\":\"InvestigationNeeded\",\"discussion\":null},{\"field\":\"invoice_id\",\"difference\":\"LeftOnly\",\"left\":\"1\",\"right\":null,\"status\":\"InvestigationNeeded\",\"discussion\":null},{\"field\":\"report_id\",\"difference\":\"LeftOnly\",\"left\":\"1\",\"right\":null,\"status\":\"InvestigationNeeded\",\"discussion\":null},{\"field\":\"analysis_id\",\"difference\":\"LeftOnly\",\"left\":\"1\",\"right\":null,\"status\":\"InvestigationNeeded\",\"discussion\":null}]}]},{\"set\":\"offer_merchants\",\"records\":[{\"record\":\"77706\",\"fields\":[{\"field\":\"offer_id\",\"difference\":\"Different\",\"left\":\"145325\",\"right\":\"1000002578\",\"status\":\"ExpectedDifference\",\"discussion\":\"Ids Vary Between Campaigns\"},{\"field\":\"merchant_id\",\"difference\":\"Identical\",\"left\":\"77706\",\"right\":\"77706\",\"status\":\"None\",\"discussion\":null}]},{\"record\":\"77708\",\"fields\":[{\"field\":\"offer_id\",\"difference\":\"LeftOnly\",\"left\":\"145325\",\"right\":null,\"status\":\"InvestigationNeeded\",\"discussion\":null},{\"field\":\"merchant_id\",\"difference\":\"LeftOnly\",\"left\":\"77708\",\"right\":null,\"status\":\"InvestigationNeeded\",\"discussion\":null}]},{\"record\":\"77710\",\"fields\":[{\"field\":\"offer_id\",\"difference\":\"Different\",\"left\":\"145325\",\"right\":\"1000002578\",\"status\":\"ExpectedDifference\",\"discussion\":\"Ids Vary Between Campaigns\"},{\"field\":\"merchant_id\",\"difference\":\"Identical\",\"left\":\"77710\",\"right\":\"77710\",\"status\":\"None\",\"discussion\":null}]},{\"record\":\"66855\",\"fields\":[{\"field\":\"offer_id\",\"difference\":\"LeftOnly\",\"left\":\"145325\",\"right\":null,\"status\":\"InvestigationNeeded\",\"discussion\":null},{\"field\":\"merchant_id\",\"difference\":\"LeftOnly\",\"left\":\"66855\",\"right\":null,\"status\":\"InvestigationNeeded\",\"discussion\":null}]}]},{\"set\":\"offer_merchant_categories\",\"records\":[{\"record\":\"-595\",\"fields\":[{\"field\":\"offer_id\",\"difference\":\"LeftOnly\",\"left\":\"145325\",\"right\":null,\"status\":\"InvestigationNeeded\",\"discussion\":null},{\"field\":\"merchant_category_id\",\"difference\":\"LeftOnly\",\"left\":\"-595\",\"right\":null,\"status\":\"InvestigationNeeded\",\"discussion\":null}]}]},{\"set\":\"offer_merchant_families\",\"records\":[]},{\"set\":\"offer_merchant_groups\",\"records\":[]},{\"set\":\"campaign_portfolios\",\"records\":[{\"record\":\"10659\",\"fields\":[{\"field\":\"portfolio_id\",\"difference\":\"Identical\",\"left\":\"10659\",\"right\":\"10659\",\"status\":\"None\",\"discussion\":null},{\"field\":\"campaign_id\",\"difference\":\"Different\",\"left\":\"36570\",\"right\":\"1000004565\",\"status\":\"ExpectedDifference\",\"discussion\":\"Ids Vary Between Campaigns\"}]},{\"record\":\"10669\",\"fields\":[{\"field\":\"portfolio_id\",\"difference\":\"Identical\",\"left\":\"10669\",\"right\":\"10669\",\"status\":\"None\",\"discussion\":null},{\"field\":\"campaign_id\",\"difference\":\"Different\",\"left\":\"36570\",\"right\":\"1000004565\",\"status\":\"ExpectedDifference\",\"discussion\":\"Ids Vary Between Campaigns\"}]},{\"record\":\"10675\",\"fields\":[{\"field\":\"portfolio_id\",\"difference\":\"Identical\",\"left\":\"10675\",\"right\":\"10675\",\"status\":\"None\",\"discussion\":null},{\"field\":\"campaign_id\",\"difference\":\"Different\",\"left\":\"36570\",\"right\":\"1000004565\",\"status\":\"ExpectedDifference\",\"discussion\":\"Ids Vary Between Campaigns\"}]},{\"record\":\"10660\",\"fields\":[{\"field\":\"portfolio_id\",\"difference\":\"Identical\",\"left\":\"10660\",\"right\":\"10660\",\"status\":\"None\",\"discussion\":null},{\"field\":\"campaign_id\",\"difference\":\"Different\",\"left\":\"36570\",\"right\":\"1000004565\",\"status\":\"ExpectedDifference\",\"discussion\":\"Ids Vary Between Campaigns\"}]},{\"record\":\"10668\",\"fields\":[{\"field\":\"portfolio_id\",\"difference\":\"Identical\",\"left\":\"10668\",\"right\":\"10668\",\"status\":\"None\",\"discussion\":null},{\"field\":\"campaign_id\",\"difference\":\"Different\",\"left\":\"36570\",\"right\":\"1000004565\",\"status\":\"ExpectedDifference\",\"discussion\":\"Ids Vary Between Campaigns\"}]}]},{\"set\":\"verification_counts\",\"records\":[{\"record\":\"0:0\",\"fields\":[{\"field\":\"segmentation_id\",\"difference\":\"LeftOnly\",\"left\":\"512269\",\"right\":null,\"status\":\"MajorIncorrect\",\"discussion\":\"Verification Counts Should Be Sent\"},{\"field\":\"verification_count\",\"difference\":\"LeftOnly\",\"left\":\"2\",\"right\":null,\"status\":\"MajorIncorrect\",\"discussion\":\"Verification Counts Should Be Sent\"},{\"field\":\"segment_type\",\"difference\":\"LeftOnly\",\"left\":\"0\",\"right\":null,\"status\":\"MajorIncorrect\",\"discussion\":\"Verification Counts Should Be Sent\"}]}]}]}\"','','','','','','','','\"\"','\"\"',12,0),(30212,'TID_SC_1619717457914',1,'Generate Arm SQL (v3)','2021-04-29 23:00:57.000','2021-04-29 23:00:58.000','0:0:1','','',0,'','',0,'\"{\"step\":{\"parameters\":[],\"actualStepText\":\"Generate Arm SQL (v3)\",\"parsedStepText\":\"Generate Arm SQL (v3)\",\"scenarioFailing\":false,\"stream\":0},\"isFailed\":false,\"stackTrace\":\"\",\"errorMessage\":\"\"}\"','','','','','\"DECLARE @ArmSqlResults TABLE (n    ROWID int IDENTITY(1,1) PRIMARY KEY,ntCAMPAIGNID VARCHAR(MAX) NULL,n    COLUMN01 VARCHAR(MAX) NULL,n    COLUMN02 VARCHAR(MAX) NULL,n    COLUMN03 VARCHAR(MAX) NULL,n    COLUMN04 VARCHAR(MAX) NULL,n    COLUMN05 VARCHAR(MAX) NULL,n    COLUMN06 VARCHAR(MAX) NULL,n    COLUMN07 VARCHAR(MAX) NULL,n    COLUMN08 VARCHAR(MAX) NULL,n    COLUMN09 VARCHAR(MAX) NULL,n    COLUMN10 VARCHAR(MAX) NULL,n    COLUMN11 VARCHAR(MAX) NULL,n    COLUMN12 VARCHAR(MAX) NULL,n    COLUMN13 VARCHAR(MAX) NULL,n    COLUMN14 VARCHAR(MAX) NULL,n    COLUMN15 VARCHAR(MAX) NULL,n    COLUMN16 VARCHAR(MAX) NULL,n    COLUMN17 VARCHAR(MAX) NULL,n    COLUMN18 VARCHAR(MAX) NULL,n    COLUMN19 VARCHAR(MAX) NULL,n    COLUMN20 VARCHAR(MAX) NULL,n    COLUMN21 VARCHAR(MAX) NULL,n    COLUMN22 VARCHAR(MAX) NULL,n    COLUMN23 VARCHAR(MAX) NULL,n    COLUMN24 VARCHAR(MAX) NULL,n    COLUMN25 VARCHAR(MAX) NULL,n    COLUMN26 VARCHAR(MAX) NULL,n    COLUMN27 VARCHAR(MAX) NULL,n    COLUMN28 VARCHAR(MAX) NULL,n    COLUMN29 VARCHAR(MAX) NULL,n    COLUMN30 VARCHAR(MAX) NULL,n    COLUMN31 VARCHAR(MAX) NULL,n    COLUMN32 VARCHAR(MAX) NULL,n    COLUMN33 VARCHAR(MAX) NULL,n    COLUMN34 VARCHAR(MAX) NULL,n    COLUMN35 VARCHAR(MAX) NULL,n    COLUMN36 VARCHAR(MAX) NULL,n    COLUMN37 VARCHAR(MAX) NULL,n    COLUMN38 VARCHAR(MAX) NULL,n    COLUMN39 VARCHAR(MAX) NULL,n    COLUMN40 VARCHAR(MAX) NULL,n    COLUMN41 VARCHAR(MAX) NULL,n    COLUMN42 VARCHAR(MAX) NULL,n    COLUMN43 VARCHAR(MAX) NULL,n    COLUMN44 VARCHAR(MAX) NULL,n    COLUMN45 VARCHAR(MAX) NULL,n    COLUMN46 VARCHAR(MAX) NULL,n    COLUMN47 VARCHAR(MAX) NULL,n    COLUMN48 VARCHAR(MAX) NULL,n    COLUMN49 VARCHAR(MAX) NULL,n    COLUMN50 VARCHAR(MAX) NULL,n    COLUMN51 VARCHAR(MAX) NULL,n    COLUMN52 VARCHAR(MAX) NULLn);n-- TricordernINSERT INTO @ArmSqlResults (CAMPAIGNID, COLUMN01, COLUMN02) VALUES ( CampaignId ,  Metadata.CampaignId ,  Metadata.PublishReport );nINSERT INTO @ArmSqlResults (CAMPAIGNID, COLUMN01, COLUMN02) VALUES ( 36570,  36570,  True  );nINSERT INTO @ArmSqlResults (CAMPAIGNID, COLUMN01, COLUMN02) VALUES ( 1000004565, 1000004565,  True  );nn-- Table SpacernINSERT INTO @ArmSqlResults (CAMPAIGNID) VALUES (NULL);nn-- OffernINSERT INTO @ArmSqlResults VALUES ( CampaignId ,  Offer.OfferId ,  Offer.CampaignId ,  Offer.SegmentId ,  Offer.OfferFlag ,  Offer.OfferLocationFlag ,  Offer.OfferTypeId ,  Offer.Name ,  Offer.RewardAmount ,  Offer.RewardCap ,  Offer.StartDT ,  Offer.EndDT ,  Offer.RedemptionStartDT ,  Offer.RedemptionEndDT ,  Offer.SizeOfControlGroup ,  Offer.RewardPercent ,  Offer.MinSpend ,  Offer.MinVisit ,  Offer.PreMessage ,  Offer.RedemptionName ,  Offer.ClickOutMessage ,  Offer.PopulationSplit ,  Offer.KilledDT ,  Offer.ThankYouMessage ,  Offer.ShortPreExpMessage ,  Offer.PreWebBeacon ,  Offer.IsCumulative ,  Offer.IsMultipleReward ,  Offer.IsSpendOrVisit ,  Offer.IsMatched ,  Offer.IsControlled ,  Offer.IsPlacementChange ,  Offer.CreateDT ,  Offer.IsGiftCard ,  Offer.GiftCardAmount ,  Offer.IsReportBased ,  Offer.LastDateModified ,  Offer.DisplayGroupId ,  Offer.MerchantModalHtml ,  Offer.MissedOpportunityPostMessage ,  Offer.MissedOpportunityInd ,  Offer.MissedOpportunityPreMessage ,  Offer.PriorityIndex ,  Offer.ShortPostExpMessage ,  Offer.MissedOpportunityShortPreMessage ,  Offer.ActivePreMessage ,  Offer.ActiveShortPreExpMessage ,  Offer.IsHighPriorityOffer ,  Offer.IsGated ,  Offer.ClientAccountId ,  Offer.BankFundedInd ,  Offer.FIOfferId ,  Offer.CustomerEngagementModifier );nnINSERT INTO @ArmSqlResultsnSELECT TOP(100) offr.CampaignId, offr.OfferId, offr.CampaignId As  Offer.CampaignId , offr.SegmentId, offr.OfferFlag, offr.OfferLocationFlag, offr.OfferTypeId, offr.Name, offr.RewardAmount, offr.RewardCap, offr.StartDT, offr.EndDT, offr.RedemptionStartDT, offr.RedemptionEndDT, offr.SizeOfControlGroup, offr.RewardPercent, offr.MinSpend, offr.MinVisit, offr.PreMessage, offr.RedemptionName, offr.ClickOutMessage, offr.PopulationSplit, offr.KilledDT, offr.ThankYouMessage, offr.ShortPreExpMessage, offr.PreWebBeacon, offr.IsCumulative, offr.IsMultipleReward, offr.IsSpendOrVisit, offr.IsMatched, offr.IsControlled, offr.IsPlacementChange, offr.CreateDT, offr.IsGiftCard, offr.GiftCardAmount, offr.IsReportBased, offr.LastDateModified, offr.DisplayGroupId, offr.MerchantModalHtml, offr.MissedOpportunityPostMessage, offr.MissedOpportunityInd, offr.MissedOpportunityPreMessage, offr.PriorityIndex, offr.ShortPostExpMessage, offr.MissedOpportunityShortPreMessage, offr.ActivePreMessage, offr.ActiveShortPreExpMessage, offr.IsHighPriorityOffer, offr.IsGated, offr.ClientAccountId, offr.BankFundedInd, offr.FIOfferId, offr.CustomerEngagementModifiern  FROM [OPSBATCH].[dbo].[Offer] offr WITH (NOLOCK)n  WHERE CampaignId IN ( 36570,  1000004565 )n  ORDER BY CampaignId ASC;nn-- Table SpacernINSERT INTO @ArmSqlResults (CAMPAIGNID) VALUES (NULL);nn-- OfferDetailsnINSERT INTO @ArmSqlResults (CAMPAIGNID, COLUMN01, COLUMN02, COLUMN03, COLUMN04, COLUMN05, COLUMN06, COLUMN07, COLUMN08, COLUMN09, COLUMN10, COLUMN11, COLUMN12, COLUMN13, COLUMN14, COLUMN15, COLUMN16, COLUMN17, COLUMN18, COLUMN19) VALUES ( CampaignId ,  OfferDetail.OfferDetailId ,  OfferDetail.OfferId ,  OfferDetail.PreMessage ,  OfferDetail.PostMessage ,  OfferDetail.ImageText ,  OfferDetail.OfferImage ,  OfferDetail.LinkUrl1 ,  OfferDetail.LinkText1 ,  OfferDetail.LinkUrl2 ,  OfferDetail.LinkText2 ,  OfferDetail.LinkUrl3 ,  OfferDetail.LinkText3 ,  OfferDetail.LinkUrl4 ,  OfferDetail.LinkText4 ,  OfferDetail.LinkUrl5 ,  OfferDetail.LinkText5 ,  OfferDetail.PostWebBeacon ,  OfferDetail.CreateDT ,  OfferDetail.UpdateDT );nnINSERT INTO @ArmSqlResults (CAMPAIGNID, COLUMN01, COLUMN02, COLUMN03, COLUMN04, COLUMN05, COLUMN06, COLUMN07, COLUMN08, COLUMN09, COLUMN10, COLUMN11, COLUMN12, COLUMN13, COLUMN14, COLUMN15, COLUMN16, COLUMN17, COLUMN18, COLUMN19)nSELECT TOP(100) offr.CampaignId, odtl.OfferDetailId, odtl.OfferId, odtl.PreMessage, odtl.PostMessage, odtl.ImageText, CAST(N   AS XML).value( xs:base64Binary(xs:hexBinary(sql:column(\"odtl.OfferImage\"))) ,  VARCHAR(MAX) ), odtl.LinkUrl1, odtl.LinkText1, odtl.LinkUrl2, odtl.LinkText2, odtl.LinkUrl3, odtl.LinkText3, odtl.LinkUrl4, odtl.LinkText4, odtl.LinkUrl5, odtl.LinkText5, odtl.PostWebBeacon, odtl.CreateDT, odtl.UpdateDTn  FROM [OPSBATCH].[dbo].[Offer] offr WITH (NOLOCK)n  JOIN [OPSBATCH].[dbo].[OfferDetail] odtl WITH (NOLOCK) ON offr.OfferId = odtl.OfferIdn  WHERE CampaignId IN ( 36570,  1000004565 )n  ORDER BY CampaignId ASC;nn-- Table SpacernINSERT INTO @ArmSqlResults (CAMPAIGNID) VALUES (NULL);nn-- Campaign PortfoliosnINSERT INTO @ArmSqlResults (CAMPAIGNID, COLUMN01, COLUMN02, COLUMN03, COLUMN04) VALUES ( CampaignId ,  CampaignPortfolio.CampaignId ,  CampaignPortfolio.PortfolioId ,  CampaignPortfolio.KilledDT ,  CampaignPortfolio.CreateDT );nnINSERT INTO @ArmSqlResults (CAMPAIGNID, COLUMN01, COLUMN02, COLUMN03, COLUMN04)nSELECT TOP(100) camport.CampaignId, camport.CampaignId AS  CampaignPortfolio.CampaignId , camport.PortfolioId, camport.KilledDT, camport.CreateDTn  FROM [OPSBATCH].[dbo].[CampaignPortfolio] camport WITH (NOLOCK)n  JOIN [OPSBATCH].[dbo].[Offer] offr ON offr.CampaignId = camport.CampaignIdn  WHERE offr.CampaignId IN ( 36570,  1000004565 )n  ORDER BY CampaignId ASC;nn-- Table SpacernINSERT INTO @ArmSqlResults (CAMPAIGNID) VALUES (NULL);nn-- Customer Segmentation CountnINSERT INTO @ArmSqlResults (CAMPAIGNID, COLUMN01, COLUMN02, COLUMN03, COLUMN04, COLUMN05) VALUES ( CampaignId ,  CustomerSegmentationCount.CustomerSegmentationID ,  CustomerSegmentationCount.CampaignId ,  CustomerSegmentationCount.TotalCount ,  CustomerSegmentationCount.CreateDt ,  CustomerSegmentationCount.UpdateDt );nnINSERT INTO @ArmSqlResults (CAMPAIGNID, COLUMN01, COLUMN02, COLUMN03, COLUMN04, COLUMN05)nSELECT TOP(100) cnt.CampaignId, cnt.CustomerSegmentationID, cnt.CampaignId AS  CustomerSegmentationCount.CampaignId , cnt.TotalCount, cnt.CreateDt, cnt.UpdateDtn  FROM [OPSBATCH].[cardlytics].[CustomerSegmentationCount] cnt WITH (NOLOCK)n  WHERE CampaignId IN ( 36570,  1000004565 )n  ORDER BY CampaignId ASC;nn-- Table SpacernINSERT INTO @ArmSqlResults (CAMPAIGNID) VALUES (NULL);nn-- Customer Segmentation Rows ( Joined From Customer Segmentation Count)nINSERT INTO @ArmSqlResults (CAMPAIGNID, COLUMN01) VALUES ( CampaignId ,  COUNT(CustomerSegmentation.CustomerSegmentationID) );nnINSERT INTO @ArmSqlResults (CAMPAIGNID, COLUMN01)nSELECT TOP(100) MIN(cnt.CampaignId) AS CampaignId, COUNT(seg.CustomerSegmentationID)n  FROM [OPSBATCH].[cardlytics].[CustomerSegmentationCount] cnt WITH (NOLOCK)n  LEFT JOIN [OPSBATCH].[cardlytics].[CustomerSegmentation] seg WITH (NOLOCK) ON seg.CustomerSegmentationID = cnt.CustomerSegmentationIDn  WHERE CampaignId IN ( 36570,  1000004565 )n  GROUP BY (seg.CustomerSegmentationID)n  ORDER BY CampaignId ASC;nn-- Table SpacernINSERT INTO @ArmSqlResults (CAMPAIGNID) VALUES (NULL);n  n-- ALl Segments (Universe Segment, In Segment, Out Segment [If Present] )nINSERT INTO @ArmSqlResults (CAMPAIGNID, COLUMN01, COLUMN02, COLUMN03, COLUMN04, COLUMN05, COLUMN06, COLUMN07, COLUMN08, COLUMN09, COLUMN10, COLUMN11) VALUES ( CampaignId ,  Segment.SegmentId ,  Segment.ParentId ,  Segment.SegmentationGraphId ,  Segment.Name ,  Segment.PartialQueryCriteria ,  Segment.LookBackStartDT ,  Segment.LookBackEndDT ,  Segment.IsIn ,  Segment.IsKilled ,  Segment.KilledDT ,  Segment.CreateDT );nnINSERT INTO @ArmSqlResults (CAMPAIGNID, COLUMN01, COLUMN02, COLUMN03, COLUMN04, COLUMN05, COLUMN06, COLUMN07, COLUMN08, COLUMN09, COLUMN10, COLUMN11)nSELECT TOP(100) CampaignId, allseg.SegmentId, allseg.ParentId, allseg.SegmentationGraphId, allseg.Name, allseg.PartialQueryCriteria, allseg.LookBackStartDT, allseg.LookBackEndDT, allseg.IsIn, allseg.IsKilled, allseg.KilledDT, allseg.CreateDTn  FROM [OPSBATCH].[dbo].[Segment] seg WITH (NOLOCK)n  LEFT JOIN [OPSBATCH].[dbo].[Segment] allseg WITH (NOLOCK) ON allseg.SegmentationGraphId = seg.SegmentationGraphIdn  LEFT JOIN [OPSBATCH].[dbo].[Offer] offr WITH (NOLOCK) ON seg.SegmentId = offr.SegmentIdn  WHERE CampaignId IN ( 36570,  1000004565 )n  ORDER BY CampaignId ASCnn-- Table SpacernINSERT INTO @ArmSqlResults (CAMPAIGNID) VALUES (NULL);nn-- Segmentation MerchantsnINSERT INTO @ArmSqlResults (CAMPAIGNID, COLUMN01, COLUMN02, COLUMN03, COLUMN04, COLUMN05, COLUMN06, COLUMN07) VALUES ( CampaignId ,  SegGraphMerchant.SegGraphId ,  SegGraphMerchant.MerchantId ,  SegGraphMerchant.CreateDT ,  SegGraphMerchant.RedeemId ,  SegGraphMerchant.InvoiceId ,  SegGraphMerchant.ReportId ,  SegGraphMerchant.AnalysisId );nnINSERT INTO @ArmSqlResults (CAMPAIGNID, COLUMN01, COLUMN02, COLUMN03, COLUMN04, COLUMN05, COLUMN06, COLUMN07)nSELECT TOP(1000) CampaignId, segm.SegGraphId, segm.MerchantId, segm.CreateDT, segm.RedeemId, segm.InvoiceId, segm.ReportId, segm.AnalysisIdn  FROM [OPSBATCH].[dbo].[Offer] offr WITH (NOLOCK)n  LEFT JOIN [OPSBATCH].[dbo].[Segment] sgmt WITH(NOLOCK) ON sgmt.SegmentId=offr.SegmentIdn  LEFT JOIN [OPSBATCH].[dbo].[SegGraphMerchant] segm WITH (NOLOCK) ON segm.SegGraphId=sgmt.SegmentationGraphIdn  WHERE CampaignId IN ( 36570,  1000004565 )n  ORDER BY CampaignId ASCnn-- Table SpacernINSERT INTO @ArmSqlResults (CAMPAIGNID) VALUES (NULL);nn-- Merchants ( From Join With Segmentation Merchants )nINSERT INTO @ArmSqlResults (CAMPAIGNID, COLUMN01, COLUMN02, COLUMN03, COLUMN04, COLUMN05, COLUMN06, COLUMN07, COLUMN08) VALUES ( CampaignId ,  SegGraphMerchant.MerchantId ,  Merchant.MerchantId ,  Merchant.MerchantCategoryId ,  Merchant.MerchantFamilyId ,  Merchant.MerchantGroupId ,  Merchant.Name ,  Merchant.CreateDT ,  Merchant.AdvertiserParentId );nnINSERT INTO @ArmSqlResults (CAMPAIGNID, COLUMN01, COLUMN02, COLUMN03, COLUMN04, COLUMN05, COLUMN06, COLUMN07, COLUMN08)nSELECT TOP(1000) CampaignId, segm.MerchantId, mrch.MerchantId, mrch.MerchantCategoryId, mrch.MerchantFamilyId, mrch.MerchantGroupId, mrch.Name, mrch.CreateDT, mrch.AdvertiserParentIdn  FROM [OPSBATCH].[dbo].[Offer] offr WITH (NOLOCK)n  LEFT JOIN [OPSBATCH].[dbo].[Segment] sgmt WITH(NOLOCK) ON sgmt.SegmentId=offr.SegmentIdn  LEFT JOIN [OPSBATCH].[dbo].[SegGraphMerchant] segm WITH (NOLOCK) ON segm.SegGraphId=sgmt.SegmentationGraphIdn  LEFT JOIN [OPSBATCH].[dbo].[Merchant] mrch WITH (NOLOCK) on (mrch.merchantId = segm.merchantid)n  WHERE CampaignId IN ( 36570,  1000004565 )n  ORDER BY CampaignId ASCnn-- Table SpacernINSERT INTO @ArmSqlResults (CAMPAIGNID) VALUES (NULL);nn-- Offer Store LocationnINSERT INTO @ArmSqlResults (CAMPAIGNID, COLUMN01, COLUMN02, COLUMN03, COLUMN04, COLUMN05, COLUMN06) VALUES ( CampaignId ,  OfferStoreLocation.OfferStoreLocationId ,  OfferStoreLocation.OfferId ,  OfferStoreLocation.StoreLocationId ,  OfferStoreLocation.IsDeleted ,  OfferStoreLocation.CreateDt ,  OfferStoreLocation.UpdateDt );nnINSERT INTO @ArmSqlResults (CAMPAIGNID, COLUMN01, COLUMN02, COLUMN03, COLUMN04, COLUMN05, COLUMN06)nSELECT TOP (1000) CampaignId, osl.OfferStoreLocationId, osl.OfferId, osl.StoreLocationId, osl.IsDeleted, osl.CreateDt, osl.UpdateDtn  FROM [OPSBATCH].[dbo].[OfferStoreLocation] osl WITH (NOLOCK)n  LEFT JOIN [OPSBATCH].[dbo].[Offer] offr WITH (NOLOCK) ON osl.OfferId = offr.OfferIdn  WHERE CampaignId IN ( 36570,  1000004565 )n  ORDER BY CampaignId ASCnn-- Table SpacernINSERT INTO @ArmSqlResults (CAMPAIGNID) VALUES (NULL);nn-- Store Locations ( From Join With Offer Store Locations )n-- TODO: Fix Geography ConversionnINSERT INTO @ArmSqlResults (CAMPAIGNID, COLUMN01, COLUMN02, COLUMN03, COLUMN04, COLUMN05, COLUMN06, COLUMN07, COLUMN08, COLUMN09, COLUMN10, COLUMN11, COLUMN12, COLUMN13, COLUMN14, COLUMN15, COLUMN16, COLUMN17, COLUMN18, COLUMN19, COLUMN20) VALUES ( CampaignId ,  ForeignTable ,  OfferStoreLocation.[StoreLocationId] ,  StoreLocation.StoreLocationId ,  StoreLocation.MerchantId ,  StoreLocation.StoreName ,  StoreLocation.StoreNumber ,  StoreLocation.Address1 ,  StoreLocation.Address2 ,  StoreLocation.Town ,  StoreLocation.Province ,  StoreLocation.PostalCode ,  StoreLocation.Neighborhood ,  StoreLocation.PhoneNumber ,  StoreLocation.StoreHours ,  StoreLocation.Longitude ,  StoreLocation.Latitude ,  StoreLocation.GeoCode ,  StoreLocation.IsDeleted ,  StoreLocation.CreateDt ,  StoreLocation.UpdateDt );nnINSERT INTO @ArmSqlResults (CAMPAIGNID, COLUMN01, COLUMN02, COLUMN03, COLUMN04, COLUMN05, COLUMN06, COLUMN07, COLUMN08, COLUMN09, COLUMN10, COLUMN11, COLUMN12, COLUMN13, COLUMN14, COLUMN15, COLUMN16, COLUMN17, COLUMN18, COLUMN19, COLUMN20)nSELECT TOP (1000) CampaignId,  OfferStoreLocation , osl.StoreLocationId, sl.StoreLocationId, sl.MerchantId, sl.StoreName, sl.StoreNumber, sl.Address1, sl.Address2, sl.Town, sl.Province, sl.PostalCode, sl.Neighborhood, sl.PhoneNumber, sl.StoreHours, sl.Longitude, sl.Latitude, NULL/*sl.GeoCode.AsTextZM()*/, sl.IsDeleted, sl.CreateDt, sl.UpdateDtn  FROM [OPSBATCH].[dbo].[StoreLocation] sl WITH (NOLOCK)n  LEFT JOIN [OPSBATCH].[dbo].[OfferStoreLocation] osl WITH (NOLOCK)ON sl.StoreLocationId = osl.StoreLocationIdn  LEFT JOIN [OPSBATCH].[dbo].[Offer] offr WITH (NOLOCK) ON osl.OfferId = offr.OfferIdn  WHERE CampaignId IN ( 36570,  1000004565 )n  ORDER BY CampaignId ASCnn-- Table SpacernINSERT INTO @ArmSqlResults (CAMPAIGNID) VALUES (NULL);nn -- Client Account Store LocationsnINSERT INTO @ArmSqlResults (CAMPAIGNID, COLUMN01, COLUMN02, COLUMN03, COLUMN04, COLUMN05) VALUES ( CampaignId ,  ClientAccountStoreLocation.ClientAccountId ,  ClientAccountStoreLocation.StoreLocationId ,  ClientAccountStoreLocation.IsDeleted ,  ClientAccountStoreLocation.CreateDt ,  ClientAccountStoreLocation.UpdateDt );nnINSERT INTO @ArmSqlResults (CAMPAIGNID, COLUMN01, COLUMN02, COLUMN03, COLUMN04, COLUMN05)nSELECT TOP (1000) CampaignId, casl.ClientAccountId, casl.StoreLocationId, casl.IsDeleted, casl.CreateDt, casl.UpdateDtn  FROM [OPSBATCH].[dbo].[ClientAccountStoreLocation] casl WITH (NOLOCK)n  LEFT JOIN [OPSBATCH].[dbo].[Offer] offr WITH (NOLOCK) ON casl.ClientAccountId = offr.ClientAccountIdn  WHERE CampaignId IN ( 36570,  1000004565 )n  ORDER BY CampaignId ASCnn-- Table SpacernINSERT INTO @ArmSqlResults (CAMPAIGNID) VALUES (NULL);nn-- Store Locations ( From Join With Client Account Store Locations )n-- TODO: Fix Geography ConversionnINSERT INTO @ArmSqlResults (CAMPAIGNID, COLUMN01, COLUMN02, COLUMN03, COLUMN04, COLUMN05, COLUMN06, COLUMN07, COLUMN08, COLUMN09, COLUMN10, COLUMN11, COLUMN12, COLUMN13, COLUMN14, COLUMN15, COLUMN16, COLUMN17, COLUMN18, COLUMN19, COLUMN20) VALUES ( CampaignId ,  ForeignTable ,  ClientAccountStoreLocation.[StoreLocationId] ,  StoreLocation.StoreLocationId ,  StoreLocation.MerchantId ,  StoreLocation.StoreName ,  StoreLocation.StoreNumber ,  StoreLocation.Address1 ,  StoreLocation.Address2 ,  StoreLocation.Town ,  StoreLocation.Province ,  StoreLocation.PostalCode ,  StoreLocation.Neighborhood ,  StoreLocation.PhoneNumber ,  StoreLocation.StoreHours ,  StoreLocation.Longitude ,  StoreLocation.Latitude ,  StoreLocation.GeoCode ,  StoreLocation.IsDeleted ,  StoreLocation.CreateDt ,  StoreLocation.UpdateDt );nnINSERT INTO @ArmSqlResults (CAMPAIGNID, COLUMN01, COLUMN02, COLUMN03, COLUMN04, COLUMN05, COLUMN06, COLUMN07, COLUMN08, COLUMN09, COLUMN10, COLUMN11, COLUMN12, COLUMN13, COLUMN14, COLUMN15, COLUMN16, COLUMN17, COLUMN18, COLUMN19, COLUMN20)nSELECT TOP (1000) CampaignId,  ClientAccountStoreLocation , casl.StoreLocationId, sl.StoreLocationId, sl.MerchantId, sl.StoreName, sl.StoreNumber, sl.Address1, sl.Address2, sl.Town, sl.Province, sl.PostalCode, sl.Neighborhood, sl.PhoneNumber, sl.StoreHours, sl.Longitude, sl.Latitude, NULL/*sl.GeoCode.AsTextZM()*/, sl.IsDeleted, sl.CreateDt, sl.UpdateDtn  FROM [OPSBATCH].[dbo].[StoreLocation] sl WITH (NOLOCK)n  LEFT JOIN [OPSBATCH].[dbo].[ClientAccountStoreLocation] casl WITH (NOLOCK) ON sl.StoreLocationId = casl.StoreLocationIdn  LEFT JOIN [OPSBATCH].[dbo].[Offer] offr WITH (NOLOCK) ON casl.ClientAccountId = offr.ClientAccountIdn  WHERE CampaignId IN ( 36570,  1000004565 )n  ORDER BY CampaignId ASCnn-- Table SpacernINSERT INTO @ArmSqlResults (CAMPAIGNID) VALUES (NULL);nn-- OfferMerchantnINSERT INTO @ArmSqlResults (CAMPAIGNID, COLUMN01, COLUMN02, COLUMN03) VALUES ( CampaignId ,  OfferMerchant.OfferId ,  OfferMerchant.MerchantId ,  OfferMerchant.CreateDT );nnINSERT INTO @ArmSqlResults (CAMPAIGNID, COLUMN01, COLUMN02, COLUMN03)nSELECT TOP (1000) CampaignId, om.OfferId, om.MerchantId, om.CreateDT ntFROM [OPSBATCH].[dbo].[Offer] offr WITH (NOLOCK)ntLEFT JOIN [OPSBATCH].[dbo].[OfferMerchant] om WITH (NOLOCK) ON om.OfferId = offr.OfferIdntWHERE CampaignId IN ( 36570,  1000004565 )ntORDER BY CampaignId ASCnnn-- Table SpacernINSERT INTO @ArmSqlResults (CAMPAIGNID) VALUES (NULL);nn-- OfferMerchantCategorynINSERT INTO @ArmSqlResults (CAMPAIGNID, COLUMN01, COLUMN02, COLUMN03) VALUES ( CampaignId ,  OfferMerchantCategory.OfferId ,  OfferMerchantCategory.MerchantCategoryId ,  OfferMerchantCategory.CreateDT );nnINSERT INTO @ArmSqlResults (CAMPAIGNID, COLUMN01, COLUMN02, COLUMN03)nSELECT TOP (1000) CampaignId, omc.OfferId, omc.MerchantCategoryId, omc.CreateDT ntFROM [OPSBATCH].[dbo].[Offer] offr WITH (NOLOCK)ntLEFT JOIN [OPSBATCH].[dbo].[OfferMerchantCategory] omc WITH (NOLOCK) ON omc.OfferId = offr.OfferIdntWHERE CampaignId IN ( 36570,  1000004565 )ntORDER BY CampaignId ASCnnn-- Table SpacernINSERT INTO @ArmSqlResults (CAMPAIGNID) VALUES (NULL);nn-- OfferMerchantFamilynINSERT INTO @ArmSqlResults (CAMPAIGNID, COLUMN01, COLUMN02, COLUMN03) VALUES ( CampaignId ,  OfferMerchantFamily.OfferId ,  OfferMerchantFamily.MerchantFamilyId ,  OfferMerchantFamily.CreateDT );nnINSERT INTO @ArmSqlResults (CAMPAIGNID, COLUMN01, COLUMN02, COLUMN03)nSELECT TOP (1000) CampaignId, omf.OfferId, omf.MerchantFamilyId, omf.CreateDT ntFROM [OPSBATCH].[dbo].[Offer] offr WITH (NOLOCK)ntLEFT JOIN [OPSBATCH].[dbo].[OfferMerchantFamily] omf WITH (NOLOCK)  ON omf.OfferId = offr.OfferIdntWHERE CampaignId IN ( 36570,  1000004565 )ntORDER BY CampaignId ASCnnn-- Table SpacernINSERT INTO @ArmSqlResults (CAMPAIGNID) VALUES (NULL);nn-- OfferMerchantGroupnINSERT INTO @ArmSqlResults (CAMPAIGNID, COLUMN01, COLUMN02, COLUMN03) VALUES ( CampaignId ,  OfferMerchantGroup.OfferId ,  OfferMerchantGroup.MerchantGroupId ,  OfferMerchantGroup.CreateDT );nnINSERT INTO @ArmSqlResults (CAMPAIGNID, COLUMN01, COLUMN02, COLUMN03)nSELECT TOP (1000) CampaignId, omg.OfferId, omg.MerchantGroupId, omg.CreateDT ntFROM [OPSBATCH].[dbo].[Offer] offr WITH (NOLOCK)ntLEFT JOIN [OPSBATCH].[dbo].[OfferMerchantGroup] omg WITH (NOLOCK)  ON omg.OfferId = offr.OfferIdntWHERE CampaignId IN ( 36570,  1000004565 )ntORDER BY CampaignId ASCnn-- Table SpacernINSERT INTO @ArmSqlResults (CAMPAIGNID) VALUES (NULL);nn-- Offer ReplacementsnINSERT INTO @ArmSqlResults (CAMPAIGNID, COLUMN01, COLUMN02, COLUMN03, COLUMN04, COLUMN05, COLUMN06, COLUMN07) VALUES ( CampaignId ,  OfferReplacementMap.OfferReplacementPairId ,  OfferReplacementMap.OfferId ,  OfferReplacementMap.OfferReplacementTypeId ,  OfferReplacementMap.OfferReplacementKey ,  OfferReplacementMap.OfferReplacementValue ,  OfferReplacementMap.CreateDt ,  OfferReplacementMap.UpdateDt );nnINSERT INTO @ArmSqlResults (CAMPAIGNID, COLUMN01, COLUMN02, COLUMN03, COLUMN04, COLUMN05, COLUMN06, COLUMN07)nSELECT TOP (1000) CampaignId, repmap.OfferReplacementPairId, repmap.OfferId, repmap.OfferReplacementTypeId, repmap.OfferReplacementKey, repmap.OfferReplacementValue, repmap.CreateDt, repmap.UpdateDt ntFROM [OPSBATCH].[dbo].[Offer] offr WITH (NOLOCK)ntLEFT JOIN [OPSBATCH].[dbo].[OfferReplacementMap] repmap WITH (NOLOCK) ON repmap.OfferId = offr.OfferIdntWHERE CampaignId IN ( 36570,  1000004565 )ntORDER BY CampaignId ASCnn-- Table SpacernINSERT INTO @ArmSqlResults (CAMPAIGNID) VALUES (NULL);nn-- Zip Segmentation CountnINSERT INTO @ArmSqlResults (CAMPAIGNID, COLUMN01, COLUMN02, COLUMN03, COLUMN04, COLUMN05) VALUES ( CampaignId ,  SegmentZipsCount.SegmentZipID ,  SegmentZipsCount.CampaignId ,  SegmentZipsCount.TotalCount ,  SegmentZipsCount.CreateDt ,  SegmentZipsCount.UpdateDt );nnINSERT INTO @ArmSqlResults (CAMPAIGNID, COLUMN01, COLUMN02, COLUMN03, COLUMN04, COLUMN05)nSELECT TOP (1000) cnt.CampaignId, cnt.SegmentZipID, cnt.CampaignId AS  cnt.CampaignId , cnt.TotalCount, cnt.CreateDt, cnt.UpdateDtn  FROM [OPSBATCH].[cardlytics].[SegmentZipsCount] cnt WITH (NOLOCK)n  WHERE CampaignId IN ( 36570,  1000004565 )n  ORDER BY CampaignId ASCnn-- Table SpacernINSERT INTO @ArmSqlResults (CAMPAIGNID) VALUES (NULL);nn-- Zip Segmentation Rows ( Joined from Zip Segmentation Count )nINSERT INTO @ArmSqlResults (CAMPAIGNID, COLUMN01, COLUMN02, COLUMN03) VALUES ( CampaignId ,  SegmentZips.SegmentZipID ,  SegmentZips.ZipID ,  SegmentZips.CreateDT );nnINSERT INTO @ArmSqlResults (CAMPAIGNID, COLUMN01, COLUMN02, COLUMN03)nSELECT TOP (1000) cnt.CampaignId, seg.SegmentZipID, seg.ZipID, seg.CreateDTn  FROM [OPSBATCH].[cardlytics].[SegmentZipsCount] cnt WITH (NOLOCK)n  LEFT JOIN [OPSBATCH].[cardlytics].[SegmentZips] seg WITH (NOLOCK) ON seg.SegmentZipID = cnt.SegmentZipIDn  WHERE CampaignId IN ( 36570,  1000004565 )n  ORDER BY CampaignId ASCnn-- Table SpacernINSERT INTO @ArmSqlResults (CAMPAIGNID) VALUES (NULL);nn-- Customer Offer PoolnINSERT INTO @ArmSqlResults (CAMPAIGNID, COLUMN01) VALUES ( CampaignId ,  COUNT(CustomerOfferPool.CustomerOfferPoolId) );nnINSERT INTO @ArmSqlResults (CAMPAIGNID, COLUMN01)nSELECT TOP (1000) MIN(CampaignId) AS CampaignId, COUNT(cofp.CustomerOfferPoolId)n  FROM [OPSBATCH].[dbo].[Offer] offr WITH (NOLOCK)n  LEFT JOIN [OPSBATCH].[dbo].[CustomerOfferPool] cofp WITH (NOLOCK) ON cofp.OfferId = offr.OfferIdn  WHERE CampaignId IN ( 36570,  1000004565 )n  GROUP BY (offr.OfferId)n  ORDER BY CampaignId ASCnnSELECT * FROM @ArmSqlResults;n\"','','','','','','\"\"','\"\"',12,0),(30213,'TID_SC_1619717459149',1,'Post Arm Query or Fetch Arm Query result for FI - 1 (v3)','2021-04-29 23:00:59.000','2021-04-29 23:00:59.000','0:0:0','','',0,'','',0,'\"{\"step\":{\"parameters\":[],\"actualStepText\":\"Post Arm Query or Fetch Arm Query result for FI - 1 (v3)\",\"parsedStepText\":\"Post Arm Query or Fetch Arm Query result for FI - 1 (v3)\",\"scenarioFailing\":false,\"stream\":0},\"isFailed\":false,\"stackTrace\":\"\",\"errorMessage\":\"\"}\"','','','','','','','','','','','\"\"','\"\"',12,0),(30214,'TID_SC_1619717459149',2,'Post Arm Query or Fetch Arm Query result for FI - 2 (v3)','2021-04-29 23:00:59.000','2021-04-29 23:00:59.000','0:0:0','','',0,'','',0,'\"{\"step\":{\"parameters\":[],\"actualStepText\":\"Post Arm Query or Fetch Arm Query result for FI - 2 (v3)\",\"parsedStepText\":\"Post Arm Query or Fetch Arm Query result for FI - 2 (v3)\",\"scenarioFailing\":false,\"stream\":0},\"isFailed\":false,\"stackTrace\":\"\",\"errorMessage\":\"\"}\"','','','','','','','','','','','\"\"','\"\"',12,0),(30215,'TID_SC_1619717459233',1,'Compare Payload table data (v4)','2021-04-29 23:00:59.000','2021-04-29 23:00:59.000','0:0:0','','',0,'','',0,'\"{\"step\":{\"parameters\":[],\"actualStepText\":\"Compare Payload table data (v4)\",\"parsedStepText\":\"Compare Payload table data (v4)\",\"scenarioFailing\":false,\"stream\":0},\"isFailed\":false,\"stackTrace\":\"\",\"errorMessage\":\"\"}\"','','','','','','','','','','','\"\"','\"\"',12,0),(30216,'TID_SC_1619722709724',1,'Login Successfully','2021-04-29 00:28:29.000','2021-04-29 00:28:33.000','0:0:3','','',0,'','c:GappsCardlyticstaiko_gauge_testCardlytics_e2e_ta_new.gaugescreenshotsscreenshot-351627071907700.png',1,'\"{\"step\":{\"parameters\":[],\"actualStepText\":\"Login Successfully\",\"parsedStepText\":\"Login Successfully\",\"scenarioFailing\":false,\"stream\":0},\"isFailed\":true,\"stackTrace\":\"Error: Navigation to url https://activate-uat.cardlytics.com/login failed. REASON: net::ERR_NAME_NOT_RESOLVED\n    at Object.handleNavigation (node_modules\\taiko\\lib\\handlers\\pageHandler.js:193:13)\n    at async node_modules\\taiko\\lib\\taiko.js:745:16\n    at async doActionAwaitingNavigation (node_modules\\taiko\\lib\\doActionAwaitingNavigation.js:61:5)\n    at async module.exports.goto (node_modules\\taiko\\lib\\taiko.js:744:3)\n    at async module.exports.<computed> (node_modules\\taiko\\lib\\taiko.js:2601:14)\n    at async Common.openApplicationAndLogin (pages\\common\\Common.js:17:8)\n    at async Object.<anonymous> (tests\\campaign-test.js:35:2)\",\"errorMessage\":\"Error: Navigation to url https://activate-uat.cardlytics.com/login failed. REASON: net::ERR_NAME_NOT_RESOLVED\"}\"','','','','','','','','','','','\"Error: Navigation to url https://activate-uat.cardlytics.com/login failed. REASON: net::ERR_NAME_NOT_RESOLVED\"','\"Error: Navigation to url https://activate-uat.cardlytics.com/login failed. REASON: net::ERR_NAME_NOT_RESOLVEDn    at Object.handleNavigation (node_modules	aikolibhandlerspageHandler.js:193:13)n    at async node_modules	aikolib	aiko.js:745:16n    at async doActionAwaitingNavigation (node_modules	aikolibdoActionAwaitingNavigation.js:61:5)n    at async module.exports.goto (node_modules	aikolib	aiko.js:744:3)n    at async module.exports.<computed> (node_modules	aikolib	aiko.js:2601:14)n    at async Common.openApplicationAndLogin (pagescommonCommon.js:17:8)n    at async Object.<anonymous> (testscampaign-test.js:35:2)\"',1,0),(30217,'TID_SC_1619722799533',1,'Login Successfully','2021-04-29 00:29:59.000','2021-04-29 00:30:23.000','0:0:24','','',0,'','null',0,'\"{\"step\":{\"parameters\":[],\"actualStepText\":\"Login Successfully\",\"parsedStepText\":\"Login Successfully\",\"scenarioFailing\":false,\"stream\":0},\"isFailed\":false,\"stackTrace\":\"\",\"errorMessage\":\"\"}\"','','','','','','','','','','','\"\"','\"\"',1,0),(30218,'TID_SC_1619722799533',2,'Select an account from account list','2021-04-29 00:30:23.000','2021-04-29 00:30:32.000','0:0:9','','',0,'','c:GappsCardlyticstaiko_gauge_testCardlytics_e2e_ta_new.gaugescreenshotsscreenshot-351746381392600.png',1,'\"{\"step\":{\"parameters\":[],\"actualStepText\":\"Select an account from account list\",\"parsedStepText\":\"Select an account from account list\",\"scenarioFailing\":false,\"stream\":0},\"isFailed\":true,\"stackTrace\":\"Error: Cannot find module  ../dataSets/null.json \nRequire stack:\n- utils\\utils.js\n- pages\\common\\Common.js\n- tests\\campaign-test.js\n- \n    at Function.Module._resolveFilename (node:internal/modules/cjs/loader:925:15)\n    at Function.Module._load (node:internal/modules/cjs/loader:769:27)\n    at Module.require (node:internal/modules/cjs/loader:997:19)\n    at require (node:internal/modules/cjs/helpers:92:18)\n    at Object.getJsonFile (utils\\utils.js:158:23)\n    at Common.selectAccount (pages\\common\\Common.js:40:26)\n    at async Object.<anonymous> (tests\\campaign-test.js:38:5)\",\"errorMessage\":\"Error: Cannot find module  ../dataSets/null.json \nRequire stack:\n- c:\\Gapps\\Cardlytics\\taiko_gauge_test\\Cardlytics_e2e_ta_new\\utils\\utils.js\n- c:\\Gapps\\Cardlytics\\taiko_gauge_test\\Cardlytics_e2e_ta_new\\pages\\common\\Common.js\n- c:\\Gapps\\Cardlytics\\taiko_gauge_test\\Cardlytics_e2e_ta_new\\tests\\campaign-test.js\n- \"}\"','','','','','','','','','','','\"Error: Cannot find module  ../dataSets/null.json nRequire stack:n- c:GappsCardlytics	aiko_gauge_testCardlytics_e2e_ta_newutilsutils.jsn- c:GappsCardlytics	aiko_gauge_testCardlytics_e2e_ta_newpagescommonCommon.jsn- c:GappsCardlytics	aiko_gauge_testCardlytics_e2e_ta_new	estscampaign-test.jsn- \"','\"Error: Cannot find module  ../dataSets/null.json nRequire stack:n- utilsutils.jsn- pagescommonCommon.jsn- testscampaign-test.jsn- n    at Function.Module._resolveFilename (node:internal/modules/cjs/loader:925:15)n    at Function.Module._load (node:internal/modules/cjs/loader:769:27)n    at Module.require (node:internal/modules/cjs/loader:997:19)n    at require (node:internal/modules/cjs/helpers:92:18)n    at Object.getJsonFile (utilsutils.js:158:23)n    at Common.selectAccount (pagescommonCommon.js:40:26)n    at async Object.<anonymous> (testscampaign-test.js:38:5)\"',1,0),(30219,'TID_SC_1619723710263',1,'Login Successfully','2021-04-29 00:45:10.000','2021-04-29 00:45:36.000','0:0:26','','',0,'','null',0,'\"{\"step\":{\"parameters\":[],\"actualStepText\":\"Login Successfully\",\"parsedStepText\":\"Login Successfully\",\"scenarioFailing\":false,\"stream\":0},\"isFailed\":false,\"stackTrace\":\"\",\"errorMessage\":\"\"}\"','','','','','','','','','','','\"\"','\"\"',1,0),(30220,'TID_SC_1619723710263',2,'Select an account from account list','2021-04-29 00:45:37.000','2021-04-29 00:45:45.000','0:0:8','','',0,'','',0,'\"{\"step\":{\"parameters\":[],\"actualStepText\":\"Select an account from account list\",\"parsedStepText\":\"Select an account from account list\",\"scenarioFailing\":false,\"stream\":0},\"isFailed\":false,\"stackTrace\":\"\",\"errorMessage\":\"\"}\"','','','','','','','','','','','\"\"','\"\"',1,0),(30221,'TID_SC_1619723710263',3,'Create Campaign Objective as Drive Sales','2021-04-29 00:45:46.000','2021-04-29 00:46:02.000','0:0:16','','',0,'','c:GappsCardlyticstaiko_gauge_testCardlytics_e2e_ta_new.gaugescreenshotsscreenshot-352676580198700.png',1,'\"{\"step\":{\"parameters\":[],\"actualStepText\":\"Create Campaign Objective as Drive Sales\",\"parsedStepText\":\"Create Campaign Objective as Drive Sales\",\"scenarioFailing\":false,\"stream\":0},\"isFailed\":true,\"stackTrace\":\"Error: String or regex is expected\n    at assertType (node_modules\\taiko\\lib\\helper.js:64:11)\n    at match (node_modules\\taiko\\lib\\elementSearch.js:9:3)\n    at TextWrapper._get (node_modules\\taiko\\lib\\elementWrapper\\textWrapper.js:25:15)\n    at node_modules\\taiko\\lib\\elementSearch.js:310:28\n    at waitUntil (node_modules\\taiko\\lib\\helper.js:126:17)\n    at async node_modules\\taiko\\lib\\elementSearch.js:308:7\n    at async TextWrapper.elements (node_modules\\taiko\\lib\\elementWrapper\\elementWrapper.js:166:12)\n    at async findElements (node_modules\\taiko\\lib\\elementSearch.js:246:20)\n    at async waitAndGetActionableElement (node_modules\\taiko\\lib\\actions\\pageActionChecks.js:149:43)\n    at async click (node_modules\\taiko\\lib\\actions\\click.js:57:21)\",\"errorMessage\":\"Error: String or regex is expected\"}\"','','','','','','','','','','','\"Error: String or regex is expected\"','\"Error: String or regex is expectedn    at assertType (node_modules	aikolibhelper.js:64:11)n    at match (node_modules	aikolibelementSearch.js:9:3)n    at TextWrapper._get (node_modules	aikolibelementWrapper	extWrapper.js:25:15)n    at node_modules	aikolibelementSearch.js:310:28n    at waitUntil (node_modules	aikolibhelper.js:126:17)n    at async node_modules	aikolibelementSearch.js:308:7n    at async TextWrapper.elements (node_modules	aikolibelementWrapperelementWrapper.js:166:12)n    at async findElements (node_modules	aikolibelementSearch.js:246:20)n    at async waitAndGetActionableElement (node_modules	aikolibactionspageActionChecks.js:149:43)n    at async click (node_modules	aikolibactionsclick.js:57:21)\"',1,0),(30222,'TID_SC_1619723814004',1,'Login Successfully','2021-04-29 00:46:54.000','2021-04-29 00:47:17.000','0:0:23','','',0,'','null',0,'\"{\"step\":{\"parameters\":[],\"actualStepText\":\"Login Successfully\",\"parsedStepText\":\"Login Successfully\",\"scenarioFailing\":false,\"stream\":0},\"isFailed\":false,\"stackTrace\":\"\",\"errorMessage\":\"\"}\"','','','','','','','','','','','\"\"','\"\"',1,0),(30223,'TID_SC_1619723814004',2,'Select an account from account list','2021-04-29 00:47:17.000','2021-04-29 00:47:34.000','0:0:16','','',0,'','',0,'\"{\"step\":{\"parameters\":[],\"actualStepText\":\"Select an account from account list\",\"parsedStepText\":\"Select an account from account list\",\"scenarioFailing\":false,\"stream\":0},\"isFailed\":false,\"stackTrace\":\"\",\"errorMessage\":\"\"}\"','','','','','','','','','','','\"\"','\"\"',1,0),(30224,'TID_SC_1619723814004',3,'Create Campaign Objective as Drive Sales','2021-04-29 00:47:34.000','2021-04-29 00:47:47.000','0:0:13','','',0,'','c:GappsCardlyticstaiko_gauge_testCardlytics_e2e_ta_new.gaugescreenshotsscreenshot-352781232074200.png',1,'\"{\"step\":{\"parameters\":[],\"actualStepText\":\"Create Campaign Objective as Drive Sales\",\"parsedStepText\":\"Create Campaign Objective as Drive Sales\",\"scenarioFailing\":false,\"stream\":0},\"isFailed\":true,\"stackTrace\":\"Error: String or regex is expected\n    at assertType (node_modules\\taiko\\lib\\helper.js:64:11)\n    at match (node_modules\\taiko\\lib\\elementSearch.js:9:3)\n    at TextWrapper._get (node_modules\\taiko\\lib\\elementWrapper\\textWrapper.js:25:15)\n    at node_modules\\taiko\\lib\\elementSearch.js:310:28\n    at waitUntil (node_modules\\taiko\\lib\\helper.js:126:17)\n    at async node_modules\\taiko\\lib\\elementSearch.js:308:7\n    at async TextWrapper.elements (node_modules\\taiko\\lib\\elementWrapper\\elementWrapper.js:166:12)\n    at async findElements (node_modules\\taiko\\lib\\elementSearch.js:246:20)\n    at async waitAndGetActionableElement (node_modules\\taiko\\lib\\actions\\pageActionChecks.js:149:43)\n    at async click (node_modules\\taiko\\lib\\actions\\click.js:57:21)\",\"errorMessage\":\"Error: String or regex is expected\"}\"','','','','','','','','','','','\"Error: String or regex is expected\"','\"Error: String or regex is expectedn    at assertType (node_modules	aikolibhelper.js:64:11)n    at match (node_modules	aikolibelementSearch.js:9:3)n    at TextWrapper._get (node_modules	aikolibelementWrapper	extWrapper.js:25:15)n    at node_modules	aikolibelementSearch.js:310:28n    at waitUntil (node_modules	aikolibhelper.js:126:17)n    at async node_modules	aikolibelementSearch.js:308:7n    at async TextWrapper.elements (node_modules	aikolibelementWrapperelementWrapper.js:166:12)n    at async findElements (node_modules	aikolibelementSearch.js:246:20)n    at async waitAndGetActionableElement (node_modules	aikolibactionspageActionChecks.js:149:43)n    at async click (node_modules	aikolibactionsclick.js:57:21)\"',1,0),(30225,'TID_SC_1619724065495',1,'Login Successfully','2021-04-29 00:51:05.000','2021-04-29 00:51:30.000','0:0:24','','',0,'','null',0,'\"{\"step\":{\"parameters\":[],\"actualStepText\":\"Login Successfully\",\"parsedStepText\":\"Login Successfully\",\"scenarioFailing\":false,\"stream\":0},\"isFailed\":false,\"stackTrace\":\"\",\"errorMessage\":\"\"}\"','','','','','','','','','','','\"\"','\"\"',1,0),(30226,'TID_SC_1619724273381',1,'Login Successfully','2021-04-29 00:54:33.000','2021-04-29 00:55:00.000','0:0:27','','',0,'','null',0,'\"{\"step\":{\"parameters\":[],\"actualStepText\":\"Login Successfully\",\"parsedStepText\":\"Login Successfully\",\"scenarioFailing\":false,\"stream\":0},\"isFailed\":false,\"stackTrace\":\"\",\"errorMessage\":\"\"}\"','','','','','','','','','','','\"\"','\"\"',1,0),(30227,'TID_SC_1619724273381',2,'Select an account from account list','2021-04-29 00:55:00.000','2021-04-29 00:55:19.000','0:0:18','','',0,'','',0,'\"{\"step\":{\"parameters\":[],\"actualStepText\":\"Select an account from account list\",\"parsedStepText\":\"Select an account from account list\",\"scenarioFailing\":false,\"stream\":0},\"isFailed\":false,\"stackTrace\":\"\",\"errorMessage\":\"\"}\"','','','','','','','','','','','\"\"','\"\"',1,0),(30228,'TID_SC_1619724273381',3,'Create Campaign Objective as Drive Sales','2021-04-29 00:55:19.000','2021-04-29 00:55:33.000','0:0:14','','',0,'','c:GappsCardlyticstaiko_gauge_testCardlytics_e2e_ta_new.gaugescreenshotsscreenshot-353246981603100.png',1,'\"{\"step\":{\"parameters\":[],\"actualStepText\":\"Create Campaign Objective as Drive Sales\",\"parsedStepText\":\"Create Campaign Objective as Drive Sales\",\"scenarioFailing\":false,\"stream\":0},\"isFailed\":true,\"stackTrace\":\"Error: String or regex is expected\n    at assertType (node_modules\\taiko\\lib\\helper.js:64:11)\n    at match (node_modules\\taiko\\lib\\elementSearch.js:9:3)\n    at TextWrapper._get (node_modules\\taiko\\lib\\elementWrapper\\textWrapper.js:25:15)\n    at node_modules\\taiko\\lib\\elementSearch.js:310:28\n    at waitUntil (node_modules\\taiko\\lib\\helper.js:126:17)\n    at async node_modules\\taiko\\lib\\elementSearch.js:308:7\n    at async TextWrapper.elements (node_modules\\taiko\\lib\\elementWrapper\\elementWrapper.js:166:12)\n    at async findElements (node_modules\\taiko\\lib\\elementSearch.js:246:20)\n    at async waitAndGetActionableElement (node_modules\\taiko\\lib\\actions\\pageActionChecks.js:149:43)\n    at async click (node_modules\\taiko\\lib\\actions\\click.js:57:21)\",\"errorMessage\":\"Error: String or regex is expected\"}\"','','','','','','','','','','','\"Error: String or regex is expected\"','\"Error: String or regex is expectedn    at assertType (node_modules	aikolibhelper.js:64:11)n    at match (node_modules	aikolibelementSearch.js:9:3)n    at TextWrapper._get (node_modules	aikolibelementWrapper	extWrapper.js:25:15)n    at node_modules	aikolibelementSearch.js:310:28n    at waitUntil (node_modules	aikolibhelper.js:126:17)n    at async node_modules	aikolibelementSearch.js:308:7n    at async TextWrapper.elements (node_modules	aikolibelementWrapperelementWrapper.js:166:12)n    at async findElements (node_modules	aikolibelementSearch.js:246:20)n    at async waitAndGetActionableElement (node_modules	aikolibactionspageActionChecks.js:149:43)n    at async click (node_modules	aikolibactionsclick.js:57:21)\"',1,0);
/*!40000 ALTER TABLE `test_run_spec_scenario_steps` ENABLE KEYS */;
UNLOCK TABLES;

--
-- Table structure for table `test_run_spec_scenarios`
--

DROP TABLE IF EXISTS `test_run_spec_scenarios`;
/*!40101 SET @saved_cs_client     = @@character_set_client */;
/*!50503 SET character_set_client = utf8mb4 */;
CREATE TABLE `test_run_spec_scenarios` (
  `scen_id` varchar(100) NOT NULL,
  `spec_runid` varchar(100) DEFAULT NULL,
  `scen_order` int DEFAULT NULL,
  `scen_name` varchar(500) DEFAULT NULL,
  `startdatetime` datetime(3) DEFAULT NULL,
  `enddatetime` datetime(3) DEFAULT NULL,
  `elapsed_time` varchar(50) DEFAULT NULL,
  `isFailed` tinyint DEFAULT NULL,
  `scen_detail` varchar(1000) DEFAULT NULL,
  `rerun_count` int DEFAULT NULL,
  PRIMARY KEY (`scen_id`)
) ENGINE=InnoDB DEFAULT CHARSET=utf8mb4 COLLATE=utf8mb4_0900_ai_ci;
/*!40101 SET character_set_client = @saved_cs_client */;

--
-- Dumping data for table `test_run_spec_scenarios`
--

LOCK TABLES `test_run_spec_scenarios` WRITE;
/*!40000 ALTER TABLE `test_run_spec_scenarios` DISABLE KEYS */;
INSERT INTO `test_run_spec_scenarios` VALUES ('TID_SC_1619717427598','TID_1618257250252',1,'Campaign rerun settings','2021-04-29 23:00:27.000','2021-04-29 23:00:27.000','0:0:0',0,'\"{\"tags\":[],\"name\":\"Campaign rerun settings\",\"isFailed\":false}\"',12),('TID_SC_1619717427667','TID_1618257250252',2,'Bank Approval on Campaign','2021-04-29 23:00:27.000','2021-04-29 23:00:52.000','0:0:25',1,'\"{\"tags\":[],\"name\":\"Bank Approval on Campaign\",\"isFailed\":true}\"',12),('TID_SC_1619717453128','TID_1618257250252',3,'Tricorder Fetch Json Payload and Comparision report','2021-04-29 23:00:53.000','2021-04-29 23:00:57.000','0:0:4',0,'\"{\"tags\":[],\"name\":\"Tricorder Fetch Json Payload and Comparision report\",\"isFailed\":false}\"',12),('TID_SC_1619717457914','TID_1618257250252',4,'Tricorder Generate the ARM Offer Query for OPS by passing right and left campaign ids','2021-04-29 23:00:57.000','2021-04-29 23:00:59.000','0:0:1',0,'\"{\"tags\":[],\"name\":\"Tricorder Generate the ARM Offer Query for OPS by passing right and left campaign ids\",\"isFailed\":false}\"',12),('TID_SC_1619717459149','TID_1618257250252',5,'Tricorder Fetch Arm Query result from OPS by passing Arm Offer Query','2021-04-29 23:00:59.000','2021-04-29 23:00:59.000','0:0:0',0,'\"{\"tags\":[],\"name\":\"Tricorder Fetch Arm Query result from OPS by passing Arm Offer Query\",\"isFailed\":false}\"',12),('TID_SC_1619717459233','TID_1618257250252',6,'Tricorder Table Data Comparision by passing the csv file fetched from ARM shared directory','2021-04-29 23:00:59.000','2021-04-29 23:00:59.000','0:0:0',0,'\"{\"tags\":[],\"name\":\"Tricorder Table Data Comparision by passing the csv file fetched from ARM shared directory\",\"isFailed\":false}\"',12),('TID_SC_1619722709724','TID_1619722709287',1,'Campaign Build','2021-04-29 00:28:29.000','2021-04-29 00:28:33.000','0:0:4',1,'\"{\"tags\":[],\"name\":\"Campaign Build\",\"isFailed\":true}\"',1),('TID_SC_1619722799533','TID_1619722799453',1,'Campaign Build','2021-04-29 00:29:59.000','2021-04-29 00:30:32.000','0:0:33',1,'\"{\"tags\":[],\"name\":\"Campaign Build\",\"isFailed\":true}\"',1),('TID_SC_1619723710263','TID_1619723710190',1,'Campaign Build','2021-04-29 00:45:10.000','2021-04-29 00:46:02.000','0:0:52',1,'\"{\"tags\":[],\"name\":\"Campaign Build\",\"isFailed\":true}\"',1),('TID_SC_1619723814004','TID_1619723813945',1,'Campaign Build','2021-04-29 00:46:54.000','2021-04-29 00:47:47.000','0:0:53',1,'\"{\"tags\":[],\"name\":\"Campaign Build\",\"isFailed\":true}\"',1),('TID_SC_1619724065495','TID_1619724065252',1,'Campaign Build','2021-04-29 00:51:05.000',NULL,NULL,NULL,NULL,1),('TID_SC_1619724273381','TID_1619724273308',1,'Campaign Build','2021-04-29 00:54:33.000','2021-04-29 00:55:33.000','0:0:59',1,'\"{\"tags\":[],\"name\":\"Campaign Build\",\"isFailed\":true}\"',1);
/*!40000 ALTER TABLE `test_run_spec_scenarios` ENABLE KEYS */;
UNLOCK TABLES;

--
-- Table structure for table `test_run_specs_master`
--

DROP TABLE IF EXISTS `test_run_specs_master`;
/*!40101 SET @saved_cs_client     = @@character_set_client */;
/*!50503 SET character_set_client = utf8mb4 */;
CREATE TABLE `test_run_specs_master` (
  `runid` varchar(100) NOT NULL,
  `startdatetime` datetime(3) DEFAULT NULL,
  `enddatetime` datetime(3) DEFAULT NULL,
  `spec_name` varchar(300) DEFAULT NULL,
  `elapsed_time` varchar(50) DEFAULT NULL,
  `isFailed` bit(1) DEFAULT b'0',
  `spec_detail` varchar(1000) DEFAULT NULL,
  `func_detail` varchar(1000) DEFAULT NULL,
  `environment` varchar(25) DEFAULT NULL,
  `reportpath` varchar(150) DEFAULT NULL,
  `campaign_id` varchar(50) DEFAULT NULL,
  `campaign_name` varchar(200) DEFAULT NULL,
  `status_ba` varchar(20) DEFAULT NULL,
  `fiids` varchar(50) DEFAULT NULL,
  `finames` varchar(100) DEFAULT NULL,
  `status_corids` varchar(20) DEFAULT NULL,
  `status_payloads` varchar(20) DEFAULT NULL,
  `status_armqueue` varchar(20) DEFAULT NULL,
  `status_armresults` varchar(20) DEFAULT NULL,
  `status_tablecompare` varchar(20) DEFAULT NULL,
  `merchant_status` varchar(500) DEFAULT NULL,
  `runtime_params` varchar(2000) DEFAULT NULL,
  `log_dump` longtext,
  `current_scenario` varchar(200) DEFAULT NULL,
  `current_step` varchar(200) DEFAULT NULL,
  `status` varchar(100) DEFAULT NULL,
  `suite_id` int DEFAULT NULL,
  `spec_conf_id` int DEFAULT NULL,
  `rerun_count` int DEFAULT '0',
  `created_by` varchar(100) DEFAULT NULL,
  `test_type` varchar(30) DEFAULT NULL,
  `tag_name` varchar(50) DEFAULT NULL,
  PRIMARY KEY (`runid`)
) ENGINE=InnoDB DEFAULT CHARSET=utf8mb4 COLLATE=utf8mb4_0900_ai_ci;
/*!40101 SET character_set_client = @saved_cs_client */;

--
-- Dumping data for table `test_run_specs_master`
--

LOCK TABLES `test_run_specs_master` WRITE;
/*!40000 ALTER TABLE `test_run_specs_master` DISABLE KEYS */;
INSERT INTO `test_run_specs_master` VALUES ('TID_1618257250252','2021-04-29 23:00:27.000','2021-04-29 23:00:59.000','Cardlytics E2E Execution Rerun','0:0:31',_binary '','\"{\"tags\":[],\"name\":\"Cardlytics E2E Execution\",\"fileName\":\"C:\\Gapps\\Cardlytics\\taiko_gauge_test\\Cardlytics_e2e_ta\\specs\\campaign\\e2e_sync_v3.spec\",\"isFailed\":false}\"',NULL,'uat','[\"2021-04-13 01.29.21\"]','1000004565','AutomationBB_134202112500','[1,0]','[\"7094\",\"7096\"]','[\"Barley\",\"Malt\"]','[1,0]','[1,0]','[1,0]','[1,0]','[1,0]',NULL,NULL,'Microsoft Windows [Version 10.0.19042.867]','Campaign Build','Login Successfully','Completed with Failure',NULL,NULL,1,NULL,'e2e',NULL),('TID_1619722709287','2021-04-29 00:28:29.000','2021-04-29 00:28:34.000','Cardlytics E2E Execution','0:0:4',_binary '','\"{\"tags\":[],\"name\":\"Cardlytics E2E Execution\",\"fileName\":\"c:\\Gapps\\Cardlytics\\taiko_gauge_test\\Cardlytics_e2e_ta_new\\specs\\campaign\\e2e_sync_v4.spec\",\"isFailed\":false}\"',NULL,'UAT',NULL,'','','[0,0]','[\"7094\",\"7096\"]','[\"Barley\",\"Malt\"]','[0,0]','[0,0]',NULL,'[0,0]','[0,0]',NULL,'{\"fileGoldenMaster\":\"ABC\",\"fileDriver\":\"XYZ\"}',NULL,'Campaign Build','Login Successfully','Completed with Failure',NULL,NULL,1,NULL,'e2e',NULL),('TID_1619722799453','2021-04-29 00:29:59.000','2021-04-29 00:30:33.000','Cardlytics E2E Execution','0:0:33',_binary '','\"{\"tags\":[],\"name\":\"Cardlytics E2E Execution\",\"fileName\":\"c:\\Gapps\\Cardlytics\\taiko_gauge_test\\Cardlytics_e2e_ta_new\\specs\\campaign\\e2e_sync_v4.spec\",\"isFailed\":false}\"',NULL,'UAT',NULL,'','','[0,0]','[\"7094\",\"7096\"]','[\"Barley\",\"Malt\"]','[0,0]','[0,0]',NULL,'[0,0]','[0,0]',NULL,'{\"fileGoldenMaster\":\"\",\"fileDriver\":\"\"}',NULL,'Campaign Build','Select an account from account list','Completed with Failure',NULL,NULL,1,NULL,'tricorder',NULL),('TID_1619723710190','2021-04-29 00:45:10.000','2021-04-29 00:46:03.000','Cardlytics E2E Execution','0:0:53',_binary '','\"{\"tags\":[],\"name\":\"Cardlytics E2E Execution\",\"fileName\":\"c:\\Gapps\\Cardlytics\\taiko_gauge_test\\Cardlytics_e2e_ta_new\\specs\\campaign\\e2e_sync_v4.spec\",\"isFailed\":false}\"',NULL,'UAT',NULL,'','','[0,0]','[\"7094\",\"7096\"]','[\"Barley\",\"Malt\"]','[0,0]','[0,0]',NULL,'[0,0]','[0,0]',NULL,'{\"fileGoldenMaster\":\"\",\"fileDriver\":\"\"}',NULL,'Campaign Build','Create Campaign Objective as Drive Sales','Completed with Failure',NULL,NULL,1,NULL,'e2e',NULL),('TID_1619723813945','2021-04-29 00:46:53.000','2021-04-29 00:47:48.000','Cardlytics E2E Execution','0:0:54',_binary '','\"{\"tags\":[],\"name\":\"Cardlytics E2E Execution\",\"fileName\":\"c:\\Gapps\\Cardlytics\\taiko_gauge_test\\Cardlytics_e2e_ta_new\\specs\\campaign\\e2e_sync_v4.spec\",\"isFailed\":false}\"',NULL,'UAT',NULL,'','','[0,0]','[\"7094\",\"7096\"]','[\"Barley\",\"Malt\"]','[0,0]','[0,0]',NULL,'[0,0]','[0,0]',NULL,'{\"fileGoldenMaster\":\"\",\"fileDriver\":\"\"}',NULL,'Campaign Build','Create Campaign Objective as Drive Sales','Completed with Failure',NULL,NULL,1,NULL,'tag','smk'),('TID_1619724065252','2021-04-29 00:51:05.000',NULL,'Cardlytics E2E Execution',NULL,NULL,'\"{\"tags\":[],\"name\":\"Cardlytics E2E Execution\",\"fileName\":\"c:\\Gapps\\Cardlytics\\taiko_gauge_test\\Cardlytics_e2e_ta_new\\specs\\campaign\\e2e_sync_v4.spec\",\"isFailed\":false}\"',NULL,'UAT',NULL,NULL,NULL,NULL,NULL,NULL,NULL,NULL,NULL,NULL,NULL,NULL,'{\"fileGoldenMaster\":\"\",\"fileDriver\":\"\"}',NULL,'Campaign Build','Select an account from account list','In-Progress',NULL,NULL,0,NULL,'tag','reg'),('TID_1619724273308','2021-04-29 00:54:33.000','2021-04-29 00:55:33.000','Cardlytics E2E Execution','0:1:0',_binary '','\"{\"tags\":[],\"name\":\"Cardlytics E2E Execution\",\"fileName\":\"c:\\Gapps\\Cardlytics\\taiko_gauge_test\\Cardlytics_e2e_ta_new\\specs\\campaign\\e2e_sync_v4.spec\",\"isFailed\":false}\"',NULL,'UAT',NULL,'TAG19191','tagbased testing','[0,0]','[\"7094\",\"7096\"]','[\"Barley\",\"Malt\"]','[0,0]','[0,0]',NULL,'[0,0]','[0,0]',NULL,'{\"fileGoldenMaster\":\"\",\"fileDriver\":\"\"}',NULL,'Campaign Build','Create Campaign Objective as Drive Sales','Completed with Failure',NULL,NULL,1,NULL,'tag','inr-1'),('TID_1623319035376','2021-06-10 15:27:15.000','2021-06-10 15:27:16.000','Golden Master Payload Comparision using Tricorder','0:0:0',_binary '','\"\"',NULL,'UAT',NULL,NULL,'',NULL,NULL,NULL,NULL,NULL,NULL,NULL,NULL,NULL,NULL,NULL,NULL,NULL,'Completed with Failure',NULL,NULL,1,NULL,'tricorder',NULL);
/*!40000 ALTER TABLE `test_run_specs_master` ENABLE KEYS */;
UNLOCK TABLES;

--
-- Table structure for table `test_run_specs_master_history`
--

DROP TABLE IF EXISTS `test_run_specs_master_history`;
/*!40101 SET @saved_cs_client     = @@character_set_client */;
/*!50503 SET character_set_client = utf8mb4 */;
CREATE TABLE `test_run_specs_master_history` (
  `runid` varchar(100) NOT NULL,
  `startdatetime` datetime(3) DEFAULT NULL,
  `enddatetime` datetime(3) DEFAULT NULL,
  `spec_name` varchar(300) DEFAULT NULL,
  `elapsed_time` varchar(50) DEFAULT NULL,
  `isFailed` tinyint DEFAULT NULL,
  `spec_detail` varchar(1000) DEFAULT NULL,
  `func_detail` varchar(1000) DEFAULT NULL,
  `environment` varchar(25) DEFAULT NULL,
  `reportpath` varchar(150) DEFAULT NULL,
  `campaign_id` varchar(50) DEFAULT NULL,
  `campaign_name` varchar(200) DEFAULT NULL,
  `status_ba` varchar(20) DEFAULT NULL,
  `fiids` varchar(50) DEFAULT NULL,
  `finames` varchar(100) DEFAULT NULL,
  `status_corids` varchar(20) DEFAULT NULL,
  `status_payloads` varchar(20) DEFAULT NULL,
  `status_armqueue` varchar(20) DEFAULT NULL,
  `status_armresults` varchar(20) DEFAULT NULL,
  `status_tablecompare` varchar(20) DEFAULT NULL,
  `merchant_status` varchar(500) DEFAULT NULL,
  `runtime_params` varchar(2000) DEFAULT NULL,
  `log_dump` longtext,
  `current_scenario` varchar(200) DEFAULT NULL,
  `current_step` varchar(200) DEFAULT NULL,
  `status` varchar(100) DEFAULT NULL,
  `suite_id` int DEFAULT NULL,
  `spec_conf_id` int DEFAULT NULL,
  `rerun_count` int DEFAULT NULL,
  `created_by` varchar(100) DEFAULT NULL
) ENGINE=InnoDB DEFAULT CHARSET=utf8mb4 COLLATE=utf8mb4_0900_ai_ci;
/*!40101 SET character_set_client = @saved_cs_client */;

--
-- Dumping data for table `test_run_specs_master_history`
--

LOCK TABLES `test_run_specs_master_history` WRITE;
/*!40000 ALTER TABLE `test_run_specs_master_history` DISABLE KEYS */;
INSERT INTO `test_run_specs_master_history` VALUES ('TID_1618257250252','2021-04-29 23:00:27.000','2021-04-29 23:00:59.000','Cardlytics E2E Execution Rerun','0:0:31',1,'\"{\"tags\":[],\"name\":\"Cardlytics E2E Execution\",\"fileName\":\"C:\\Gapps\\Cardlytics\\taiko_gauge_test\\Cardlytics_e2e_ta\\specs\\campaign\\e2e_sync_v3.spec\",\"isFailed\":false}\"',NULL,'uat','[\"2021-04-13 01.29.21\"]','1000004565','AutomationBB_134202112500','[1,0]','[\"7094\",\"7096\"]','[\"Barley\",\"Malt\"]','[1,0]','[1,0]','[1,0]','[1,0]','[1,0]',NULL,NULL,'Microsoft Windows [Version 10.0.19042.867]\ndy\":\"[{\"jobName\":\"ShaktiJob_1618257529706\",\"formattedQuery\":\"DECLARE @ArmSqlResults TABLE (\n    ROWID int IDENTITY(1,1) PRIMARY KEY,\n	CAMPAIGNID VARCHAR(MAX) NULL,\n    COLUMN01 VARCHAR(MAX) NULL,\n    COLUMN02 VARCHAR(MAX) NULL,\n    COLUMN03 VARCHAR(MAX) NULL,\n    COLUMN04 VARCHAR(MAX) NULL,\n    COLUMN05 VARCHAR(MAX) NULL,\n    COLUMN06 VARCHAR(MAX) NULL,\n    COLUMN07 VARCHAR(MAX) NULL,\n    COLUMN08 VARCHAR(MAX) NULL,\n    COLUMN09 VARCHAR(MAX) NULL,\n    COLUMN10 VARCHAR(MAX) NULL,\n    COLUMN11 VARCHAR(MAX) NULL,\n    COLUMN12 VARCHAR(MAX) NULL,\n    COLUMN13 VARCHAR(MAX) NULL,\n    COLUMN14 VARCHAR(MAX) NULL,\n    COLUMN15 VARCHAR(MAX) NULL,\n    COLUMN16 VARCHAR(MAX) NULL,\n    COLUMN17 VARCHAR(MAX) NULL,\n    COLUMN18 VARCHAR(MAX) NULL,\n    COLUMN19 VARCHAR(MAX) NULL,\n    COLUMN20 VARCHAR(MAX) NULL,\n    COLUMN21 VARCHAR(MAX) NULL,\n    COLUMN22 VARCHAR(MAX) NULL,\n    COLUMN23 VARCHAR(MAX) NULL,\n    COLUMN24 VARCHAR(MAX) NULL,\n    COLUMN25 VARCHAR(MAX) NULL,\n    COLUMN26 VARCHAR(MAX) NULL,\n    COLUMN27 VARCHAR(MAX) NULL,\n    COLUMN28 VARCHAR(MAX) NULL,\n    COLUMN29 VARCHAR(MAX) NULL,\n    COLUMN30 VARCHAR(MAX) NULL,\n    COLUMN31 VARCHAR(MAX) NULL,\n    COLUMN32 VARCHAR(MAX) NULL,\n    COLUMN33 VARCHAR(MAX) NULL,\n    COLUMN34 VARCHAR(MAX) NULL,\n    COLUMN35 VARCHAR(MAX) NULL,\n    COLUMN36 VARCHAR(MAX) NULL,\n    COLUMN37 VARCHAR(MAX) NULL,\n    COLUMN38 VARCHAR(MAX) NULL,\n    COLUMN39 VARCHAR(MAX) NULL,\n    COLUMN40 VARCHAR(MAX) NULL,\n    COLUMN41 VARCHAR(MAX) NULL,\n    COLUMN42 VARCHAR(MAX) NULL,\n    COLUMN43 VARCHAR(MAX) NULL,\n    COLUMN44 VARCHAR(MAX) NULL,\n    COLUMN45 VARCHAR(MAX) NULL,\n    COLUMN46 VARCHAR(MAX) NULL,\n    COLUMN47 VARCHAR(MAX) NULL,\n    COLUMN48 VARCHAR(MAX) NULL,\n    COLUMN49 VARCHAR(MAX) NULL,\n    COLUMN50 VARCHAR(MAX) NULL,\n    COLUMN51 VARCHAR(MAX) NULL,\n    COLUMN52 VARCHAR(MAX) NULL\n);\n-- Tricorder\nINSERT INTO @ArmSqlResults (CAMPAIGNID, COLUMN01, COLUMN02) VALUES (\'CampaignId\', \'Metadata.CampaignId\', \'Metadata.PublishReport\');\nINSERT INTO @ArmSqlResults (CAMPAIGNID, COLUMN01, COLUMN02) VALUES ( 36570,  36570, \'True\' );\nINSERT INTO @ArmSqlResults (CAMPAIGNID, COLUMN01, COLUMN02) VALUES ( 1000004420, 1000004420, \'True\' );\n\n-- Table Spacer\nINSERT INTO @ArmSqlResults (CAMPAIGNID) VALUES (NULL);\n\n-- Offer\nINSERT INTO @ArmSqlResults VALUES (\'CampaignId\', \'Offer.OfferId\', \'Offer.CampaignId\', \'Offer.SegmentId\', \'Offer.OfferFlag\', \'Offer.OfferLocationFlag\', \'Offer.OfferTypeId\', \'Offer.Name\', \'Offer.RewardAmount\', \'Offer.RewardCap\', \'Offer.StartDT\', \'Offer.EndDT\', \'Offer.RedemptionStartDT\', \'Offer.RedemptionEndDT\', \'Offer.SizeOfControlGroup\', \'Offer.RewardPercent\', \'Offer.MinSpend\', \'Offer.MinVisit\', \'Offer.PreMessage\', \'Offer.RedemptionName\', \'Offer.ClickOutMessage\', \'Offer.PopulationSplit\', \'Offer.KilledDT\', \'Offer.ThankYouMessage\', \'Offer.ShortPreExpMessage\', \'Offer.PreWebBeacon\', \'Offer.IsCumulative\', \'Offer.IsMultipleReward\', \'Offer.IsSpendOrVisit\', \'Offer.IsMatched\', \'Offer.IsControlled\', \'Offer.IsPlacementChange\', \'Offer.CreateDT\', \'Offer.IsGiftCard\', \'Offer.GiftCardAmount\', \'Offer.IsReportBased\', \'Offer.LastDateModified\', \'Offer.DisplayGroupId\', \'Offer.MerchantModalHtml\', \'Offer.MissedOpportunityPostMessage\', \'Offer.MissedOpportunityInd\', \'Offer.MissedOpportunityPreMessage\', \'Offer.PriorityIndex\', \'Offer.ShortPostExpMessage\', \'Offer.MissedOpportunityShortPreMessage\', \'Offer.ActivePreMessage\', \'Offer.ActiveShortPreExpMessage\', \'Offer.IsHighPriorityOffer\', \'Offer.IsGated\', \'Offer.ClientAccountId\', \'Offer.BankFundedInd\', \'Offer.FIOfferId\', \'Offer.CustomerEngagementModifier\');\n\nINSERT INTO @ArmSqlResults\nSELECT TOP(100) offr.CampaignId, offr.OfferId, offr.CampaignId As \'Offer.CampaignId\', offr.SegmentId, offr.OfferFlag, offr.OfferLocationFlag, offr.OfferTypeId, offr.Name, offr.RewardAmount, offr.RewardCap, offr.StartDT, offr.EndDT, offr.RedemptionStartDT, offr.RedemptionEndDT, offr.SizeOfControlGroup, offr.RewardPercent, offr.MinSpend, offr.MinVisit, offr.PreMessage, offr.RedemptionName, offr.ClickOutMessage, offr.PopulationSplit, offr.KilledDT, offr.ThankYouMessage, offr.ShortPreExpMessage, offr.PreWebBeacon, offr.IsCumulative, offr.IsMultipleReward, offr.IsSpendOrVisit, offr.IsMatched, offr.IsControlled, offr.IsPlacementChange, offr.CreateDT, offr.IsGiftCard, offr.GiftCardAmount, offr.IsReportBased, offr.LastDateModified, offr.DisplayGroupId, offr.MerchantModalHtml, offr.MissedOpportunityPostMessage, offr.MissedOpportunityInd, offr.MissedOpportunityPreMessage, offr.PriorityIndex, offr.ShortPostExpMessage, offr.MissedOpportunityShortPreMessage, offr.ActivePreMessage, offr.ActiveShortPreExpMessage, offr.IsHighPriorityOffer, offr.IsGated, offr.ClientAccountId, offr.BankFundedInd, offr.FIOfferId, offr.CustomerEngagementModifier\n  FROM [OPSBATCH].[dbo].[Offer] offr WITH (NOLOCK)\n  WHERE CampaignId IN ( 36570,  1000004420 )\n  ORDER BY CampaignId ASC;\n\n-- Table Spacer\nINSERT INTO @ArmSqlResults (CAMPAIGNID) VALUES (NULL);\n\n-- OfferDetails\nINSERT INTO @ArmSqlResults (CAMPAIGNID, COLUMN01, COLUMN02, COLUMN03, COLUMN04, COLUMN05, COLUMN06, COLUMN07, COLUMN08, COLUMN09, COLUMN10, COLUMN11, COLUMN12, COLUMN13, COLUMN14, COLUMN15, COLUMN16, COLUMN17, COLUMN18, COLUMN19) VALUE','Tricorder Table Data Comparision by passing the csv file fetched from ARM shared directory','Compare Payload table data (v4)','Completed with Failure',NULL,NULL,12,'DESKTOP-K9DO0NFShakti'),('TID_1619723710190','2021-04-29 00:45:10.000','2021-04-29 00:46:03.000','Cardlytics E2E Execution','0:0:53',1,'\"{\"tags\":[],\"name\":\"Cardlytics E2E Execution\",\"fileName\":\"c:\\Gapps\\Cardlytics\\taiko_gauge_test\\Cardlytics_e2e_ta_new\\specs\\campaign\\e2e_sync_v4.spec\",\"isFailed\":false}\"',NULL,'UAT',NULL,'','','[0,0]','[\"7094\",\"7096\"]','[\"Barley\",\"Malt\"]','[0,0]','[0,0]',NULL,'[0,0]','[0,0]',NULL,'{\"fileGoldenMaster\":\"\",\"fileDriver\":\"\"}',NULL,'Campaign Build','Create Campaign Objective as Drive Sales','Completed with Failure',NULL,NULL,1,NULL),('TID_1619724273308','2021-04-29 00:54:33.000','2021-04-29 00:55:33.000','Cardlytics E2E Execution','0:1:0',1,'\"{\"tags\":[],\"name\":\"Cardlytics E2E Execution\",\"fileName\":\"c:\\Gapps\\Cardlytics\\taiko_gauge_test\\Cardlytics_e2e_ta_new\\specs\\campaign\\e2e_sync_v4.spec\",\"isFailed\":false}\"',NULL,'UAT',NULL,'','','[0,0]','[\"7094\",\"7096\"]','[\"Barley\",\"Malt\"]','[0,0]','[0,0]',NULL,'[0,0]','[0,0]',NULL,'{\"fileGoldenMaster\":\"\",\"fileDriver\":\"\"}',NULL,'Campaign Build','Create Campaign Objective as Drive Sales','Completed with Failure',NULL,NULL,1,NULL),('TID_1619722709287','2021-04-29 00:28:29.000','2021-04-29 00:28:34.000','Cardlytics E2E Execution','0:0:4',1,'\"{\"tags\":[],\"name\":\"Cardlytics E2E Execution\",\"fileName\":\"c:\\Gapps\\Cardlytics\\taiko_gauge_test\\Cardlytics_e2e_ta_new\\specs\\campaign\\e2e_sync_v4.spec\",\"isFailed\":false}\"',NULL,'UAT',NULL,'','','[0,0]','[\"7094\",\"7096\"]','[\"Barley\",\"Malt\"]','[0,0]','[0,0]',NULL,'[0,0]','[0,0]',NULL,'{\"fileGoldenMaster\":\"\",\"fileDriver\":\"\"}',NULL,'Campaign Build','Login Successfully','Completed with Failure',NULL,NULL,1,NULL),('TID_1619722799453','2021-04-29 00:29:59.000','2021-04-29 00:30:33.000','Cardlytics E2E Execution','0:0:33',1,'\"{\"tags\":[],\"name\":\"Cardlytics E2E Execution\",\"fileName\":\"c:\\Gapps\\Cardlytics\\taiko_gauge_test\\Cardlytics_e2e_ta_new\\specs\\campaign\\e2e_sync_v4.spec\",\"isFailed\":false}\"',NULL,'UAT',NULL,'','','[0,0]','[\"7094\",\"7096\"]','[\"Barley\",\"Malt\"]','[0,0]','[0,0]',NULL,'[0,0]','[0,0]',NULL,'{\"fileGoldenMaster\":\"\",\"fileDriver\":\"\"}',NULL,'Campaign Build','Select an account from account list','Completed with Failure',NULL,NULL,1,NULL),('TID_1619723813945','2021-04-29 00:46:53.000','2021-04-29 00:47:48.000','Cardlytics E2E Execution','0:0:54',1,'\"{\"tags\":[],\"name\":\"Cardlytics E2E Execution\",\"fileName\":\"c:\\Gapps\\Cardlytics\\taiko_gauge_test\\Cardlytics_e2e_ta_new\\specs\\campaign\\e2e_sync_v4.spec\",\"isFailed\":false}\"',NULL,'UAT',NULL,'','','[0,0]','[\"7094\",\"7096\"]','[\"Barley\",\"Malt\"]','[0,0]','[0,0]',NULL,'[0,0]','[0,0]',NULL,'{\"fileGoldenMaster\":\"\",\"fileDriver\":\"\"}',NULL,'Campaign Build','Create Campaign Objective as Drive Sales','Completed with Failure',NULL,NULL,1,NULL);
/*!40000 ALTER TABLE `test_run_specs_master_history` ENABLE KEYS */;
UNLOCK TABLES;

--
-- Table structure for table `test_spec_config`
--

DROP TABLE IF EXISTS `test_spec_config`;
/*!40101 SET @saved_cs_client     = @@character_set_client */;
/*!50503 SET character_set_client = utf8mb4 */;
CREATE TABLE `test_spec_config` (
  `spec_id` int NOT NULL AUTO_INCREMENT,
  `suite_id` int DEFAULT NULL,
  `spec_name` varchar(50) DEFAULT NULL,
  `tags` varchar(100) DEFAULT NULL,
  `spec_file_name` varchar(100) DEFAULT NULL,
  `description` varchar(200) DEFAULT NULL,
  PRIMARY KEY (`spec_id`)
) ENGINE=InnoDB AUTO_INCREMENT=10 DEFAULT CHARSET=utf8mb4 COLLATE=utf8mb4_0900_ai_ci;
/*!40101 SET character_set_client = @saved_cs_client */;

--
-- Dumping data for table `test_spec_config`
--

LOCK TABLES `test_spec_config` WRITE;
/*!40000 ALTER TABLE `test_spec_config` DISABLE KEYS */;
INSERT INTO `test_spec_config` VALUES (1,1,'Cardlytics E2E Execution','e2e','specs/campaign/e2e_sync_v4.spec','\"\"'),(2,1,'Cardlytics E2E Execution Rerun','e2ererun','specs/campaign/e2e_sync_rerun_v4.spec','\"\"'),(3,1,'Merchant Approval','smoke','specs/campaign/merchant_approval.spec','\"\"'),(4,1,'Golden master payload comparision using Tricorder','tricorder','specs/tricorder.spec','\"\"'),(5,1,'Performance Grid Testing','perfgrid','specs/perf_grid.spec','\"\"'),(6,1,'Performance Grid Testing After SQL Job Execution','perfgrid_2','specs/perf_grid_2.spec','\"\"'),(7,1,'INR Testing','inr_1','specs/inr_1.spec','\"\"'),(8,1,'INR Testing II','inr_2','specs/inr_2.spec','\"\"'),(9,1,'INR Testing III','inr_3','specs/inr_3.spec','\"\"');
/*!40000 ALTER TABLE `test_spec_config` ENABLE KEYS */;
UNLOCK TABLES;

--
-- Table structure for table `test_spec_scenario_config`
--

DROP TABLE IF EXISTS `test_spec_scenario_config`;
/*!40101 SET @saved_cs_client     = @@character_set_client */;
/*!50503 SET character_set_client = utf8mb4 */;
CREATE TABLE `test_spec_scenario_config` (
  `scen_id` int NOT NULL AUTO_INCREMENT,
  `spec_id` int DEFAULT NULL,
  `scen_name` varchar(250) DEFAULT NULL,
  `tags` varchar(150) DEFAULT NULL,
  `description` varchar(150) DEFAULT NULL,
  PRIMARY KEY (`scen_id`)
) ENGINE=InnoDB DEFAULT CHARSET=utf8mb4 COLLATE=utf8mb4_0900_ai_ci;
/*!40101 SET character_set_client = @saved_cs_client */;

--
-- Dumping data for table `test_spec_scenario_config`
--

LOCK TABLES `test_spec_scenario_config` WRITE;
/*!40000 ALTER TABLE `test_spec_scenario_config` DISABLE KEYS */;
/*!40000 ALTER TABLE `test_spec_scenario_config` ENABLE KEYS */;
UNLOCK TABLES;

--
-- Table structure for table `test_spec_scenario_step_config`
--

DROP TABLE IF EXISTS `test_spec_scenario_step_config`;
/*!40101 SET @saved_cs_client     = @@character_set_client */;
/*!50503 SET character_set_client = utf8mb4 */;
CREATE TABLE `test_spec_scenario_step_config` (
  `step_id` int NOT NULL AUTO_INCREMENT,
  `scen_id` int DEFAULT NULL,
  `step_name` varchar(250) DEFAULT NULL,
  `parameters` varchar(200) DEFAULT NULL,
  `description` varchar(150) DEFAULT NULL,
  PRIMARY KEY (`step_id`)
) ENGINE=InnoDB DEFAULT CHARSET=utf8mb4 COLLATE=utf8mb4_0900_ai_ci;
/*!40101 SET character_set_client = @saved_cs_client */;

--
-- Dumping data for table `test_spec_scenario_step_config`
--

LOCK TABLES `test_spec_scenario_step_config` WRITE;
/*!40000 ALTER TABLE `test_spec_scenario_step_config` DISABLE KEYS */;
/*!40000 ALTER TABLE `test_spec_scenario_step_config` ENABLE KEYS */;
UNLOCK TABLES;

--
-- Table structure for table `test_suite_master_config`
--

DROP TABLE IF EXISTS `test_suite_master_config`;
/*!40101 SET @saved_cs_client     = @@character_set_client */;
/*!50503 SET character_set_client = utf8mb4 */;
CREATE TABLE `test_suite_master_config` (
  `suite_id` int NOT NULL AUTO_INCREMENT,
  `test_suite_name` varchar(200) DEFAULT NULL,
  `stash_path` varchar(200) DEFAULT NULL,
  `no_of_specs` int DEFAULT NULL,
  `description` varchar(200) DEFAULT NULL,
  `created_on` datetime(3) DEFAULT NULL,
  `updated_by` int DEFAULT NULL,
  `created_by` int DEFAULT NULL,
  `updated_on` datetime(3) DEFAULT NULL,
  PRIMARY KEY (`suite_id`)
) ENGINE=InnoDB AUTO_INCREMENT=2 DEFAULT CHARSET=utf8mb4 COLLATE=utf8mb4_0900_ai_ci;
/*!40101 SET character_set_client = @saved_cs_client */;

--
-- Dumping data for table `test_suite_master_config`
--

LOCK TABLES `test_suite_master_config` WRITE;
/*!40000 ALTER TABLE `test_suite_master_config` DISABLE KEYS */;
INSERT INTO `test_suite_master_config` VALUES (1,'e2e-taiko-gauge-test',NULL,NULL,'End to End test Automation Scripts',NULL,NULL,NULL,NULL);
/*!40000 ALTER TABLE `test_suite_master_config` ENABLE KEYS */;
UNLOCK TABLES;

--
-- Table structure for table `test_user_master`
--

DROP TABLE IF EXISTS `test_user_master`;
/*!40101 SET @saved_cs_client     = @@character_set_client */;
/*!50503 SET character_set_client = utf8mb4 */;
CREATE TABLE `test_user_master` (
  `user_id` int NOT NULL AUTO_INCREMENT,
  `email_id` varchar(125) DEFAULT NULL,
  `username` varchar(125) DEFAULT NULL,
  `password` varchar(30) DEFAULT NULL,
  `isadmin` tinyint DEFAULT NULL,
  `last_logged_on` datetime(3) DEFAULT NULL,
  `created_on` datetime(3) DEFAULT NULL,
  `modified_on` datetime(3) DEFAULT NULL,
  `created_by` int DEFAULT NULL,
  `updated_by` int DEFAULT NULL,
  PRIMARY KEY (`user_id`)
) ENGINE=InnoDB DEFAULT CHARSET=utf8mb4 COLLATE=utf8mb4_0900_ai_ci;
/*!40101 SET character_set_client = @saved_cs_client */;

--
-- Dumping data for table `test_user_master`
--

LOCK TABLES `test_user_master` WRITE;
/*!40000 ALTER TABLE `test_user_master` DISABLE KEYS */;
/*!40000 ALTER TABLE `test_user_master` ENABLE KEYS */;
UNLOCK TABLES;

--
-- Final view structure for view `summary_report`
--

/*!50001 DROP VIEW IF EXISTS `summary_report`*/;
/*!50001 SET @saved_cs_client          = @@character_set_client */;
/*!50001 SET @saved_cs_results         = @@character_set_results */;
/*!50001 SET @saved_col_connection     = @@collation_connection */;
/*!50001 SET character_set_client      = utf8mb4 */;
/*!50001 SET character_set_results     = utf8mb4 */;
/*!50001 SET collation_connection      = utf8mb4_0900_ai_ci */;
/*!50001 CREATE ALGORITHM=UNDEFINED */
/*!50013 DEFINER=`root`@`localhost` SQL SECURITY DEFINER */
/*!50001 VIEW `summary_report` AS select `a`.`runid` AS `runid`,`c`.`step_id` AS `step_id`,`b`.`rerun_count` AS `rerun_count`,`a`.`startdatetime` AS `startdatetime`,`a`.`enddatetime` AS `enddatetime`,`a`.`spec_name` AS `spec_name`,`b`.`scen_order` AS `scen_order`,`b`.`scen_name` AS `scen_name`,`c`.`step_order` AS `step_order`,`c`.`step_name` AS `step_name`,`c`.`isFailed` AS `isfailed`,`c`.`error_message` AS `error_message`,`c`.`stack_trace` AS `stack_trace`,`c`.`retry_attempt` AS `retry_attempt`,'' AS `Remark`,`rc`.`CategoryName` AS `CategoryName`,`rsc`.`SubCategoryName` AS `SubCategoryName`,`rcc`.`Comment` AS `comment` from (((((`test_run_specs_master` `a` join `test_run_spec_scenarios` `b` on((`a`.`runid` = `b`.`spec_runid`))) join `test_run_spec_scenario_steps` `c` on((`b`.`scen_id` = `c`.`scen_id`))) left join `report_category_comment` `rcc` on(((`rcc`.`RunId` = `a`.`runid`) and (`rcc`.`IsHistory` = 0)))) left join `report_category` `rc` on((`rcc`.`CategoryId` = `rc`.`CategoryId`))) left join `report_sub_category` `rsc` on((`rcc`.`SubCategoryId` = `rsc`.`SubCategoryId`))) where ((`a`.`isFailed` = 1) and ((`a`.`spec_name` = 'Cardlytics E2E Execution') or (`a`.`spec_name` = 'Cardlytics E2E Execution Rerun')) and (`b`.`rerun_count` = (select max(`test_run_spec_scenarios`.`rerun_count`) from `test_run_spec_scenarios` where ((`test_run_spec_scenarios`.`isFailed` = 1) and (`test_run_spec_scenarios`.`spec_runid` = `a`.`runid`)))) and (`c`.`isFailed` = 1) and (`b`.`scen_order` = (select min(`test_run_spec_scenarios`.`scen_order`) from `test_run_spec_scenarios` where ((`test_run_spec_scenarios`.`isFailed` = 1) and (`test_run_spec_scenarios`.`spec_runid` = `a`.`runid`)))) and (`c`.`step_order` = (select min(`test_run_spec_scenario_steps`.`step_order`) from `test_run_spec_scenario_steps` where ((`test_run_spec_scenario_steps`.`isFailed` = 1) and (`test_run_spec_scenario_steps`.`scen_id` = `b`.`scen_id`))))) union all select `a`.`runid` AS `runid`,`c`.`step_id` AS `step_id`,`b`.`rerun_count` AS `rerun_count`,`a`.`startdatetime` AS `startdatetime`,`a`.`enddatetime` AS `enddatetime`,`a`.`spec_name` AS `spec_name`,`b`.`scen_order` AS `scen_order`,`b`.`scen_name` AS `scen_name`,`c`.`step_order` AS `step_order`,`c`.`step_name` AS `step_name`,`c`.`isFailed` AS `isfailed`,`c`.`error_message` AS `error_message`,`c`.`stack_trace` AS `stack_trace`,`c`.`retry_attempt` AS `retry_attempt`,'' AS `Remark`,`rc`.`CategoryName` AS `CategoryName`,`rsc`.`SubCategoryName` AS `SubCategoryName`,`rcc`.`Comment` AS `comment` from (((((`test_run_specs_master` `a` join `test_run_spec_scenarios` `b` on((`a`.`runid` = `b`.`spec_runid`))) join `test_run_spec_scenario_steps` `c` on((`b`.`scen_id` = `c`.`scen_id`))) left join `report_category_comment` `rcc` on(((`rcc`.`RunId` = `a`.`runid`) and (`rcc`.`IsHistory` = 0)))) left join `report_category` `rc` on((`rcc`.`CategoryId` = `rc`.`CategoryId`))) left join `report_sub_category` `rsc` on((`rcc`.`SubCategoryId` = `rsc`.`SubCategoryId`))) where ((`a`.`isFailed` = 0) and ((`a`.`spec_name` = 'Cardlytics E2E Execution') or (`a`.`spec_name` = 'Cardlytics E2E Execution Rerun')) and (`b`.`rerun_count` = (select max(`test_run_spec_scenarios`.`rerun_count`) from `test_run_spec_scenarios` where ((`test_run_spec_scenarios`.`isFailed` = 0) and (`test_run_spec_scenarios`.`spec_runid` = `a`.`runid`)))) and (`c`.`isFailed` = 0) and (`b`.`scen_order` = (select max(`test_run_spec_scenarios`.`scen_order`) from `test_run_spec_scenarios` where ((`test_run_spec_scenarios`.`isFailed` = 0) and (`test_run_spec_scenarios`.`spec_runid` = `a`.`runid`)))) and (`c`.`step_order` = (select max(`test_run_spec_scenario_steps`.`step_order`) from `test_run_spec_scenario_steps` where ((`test_run_spec_scenario_steps`.`isFailed` = 0) and (`test_run_spec_scenario_steps`.`scen_id` = `b`.`scen_id`))))) */;
/*!50001 SET character_set_client      = @saved_cs_client */;
/*!50001 SET character_set_results     = @saved_cs_results */;
/*!50001 SET collation_connection      = @saved_col_connection */;
/*!40103 SET TIME_ZONE=@OLD_TIME_ZONE */;

/*!40101 SET SQL_MODE=@OLD_SQL_MODE */;
/*!40014 SET FOREIGN_KEY_CHECKS=@OLD_FOREIGN_KEY_CHECKS */;
/*!40014 SET UNIQUE_CHECKS=@OLD_UNIQUE_CHECKS */;
/*!40101 SET CHARACTER_SET_CLIENT=@OLD_CHARACTER_SET_CLIENT */;
/*!40101 SET CHARACTER_SET_RESULTS=@OLD_CHARACTER_SET_RESULTS */;
/*!40101 SET COLLATION_CONNECTION=@OLD_COLLATION_CONNECTION */;
/*!40111 SET SQL_NOTES=@OLD_SQL_NOTES */;

-- Dump completed on 2021-09-29 15:28:19
